{"run_id": "vt-v1-74dfbd2-46380052-47646604", "parameters": 9032242}
{"kind": "eval", "step": 0, "train_cross_entropy": null, "train_kl_nats": null, "kl_ema": null, "beta": 0.00010000000000000009, "beta_at_floor": true, "held_out_kl_nats": 7695.67578125, "held_out_kl_in_band": false, "eval_nll_per_free_token": 2.080972774298514, "eval_free_token_accuracy": 0.6211642674291034, "eval_pixel_error_mean": 0.11406148737296462, "learning_rate": 6e-07, "elapsed_seconds": 6.583037363947369}
{"kind": "train", "step": 50, "cross_entropy": 0.6235136389732361, "kl_nats": 7685.5986328125, "free_tokens": 491.6875, "beta_used": 0.00040588638393855195, "kl_ema": 7720.455202324871, "beta_next": 0.0004176632784457383}
{"kind": "train", "step": 100, "cross_entropy": 0.5547822117805481, "kl_nats": 7442.3173828125, "free_tokens": 397.3125, "beta_used": 0.0016754964320054868, "kl_ema": 7608.5872680284, "beta_next": 0.0017231472839875255}
{"kind": "train", "step": 150, "cross_entropy": 0.6303322911262512, "kl_nats": 6986.58251953125, "free_tokens": 385.71875, "beta_used": 0.0065229219896554, "kl_ema": 7147.365144579168, "beta_next": 0.006692980289631213}
{"kind": "train", "step": 200, "cross_entropy": 0.3637767434120178, "kl_nats": 3237.912841796875, "free_tokens": 502.34375, "beta_used": 0.019312665895140788, "kl_ema": 4451.477688310886, "beta_next": 0.019550845490698333}
{"kind": "train", "step": 250, "cross_entropy": 0.44842585921287537, "kl_nats": 1726.30078125, "free_tokens": 416.53125, "beta_used": 0.023545486495838208, "kl_ema": 1896.9682257218328, "beta_next": 0.02353335995340481}
{"kind": "train", "step": 300, "cross_entropy": 0.5185227394104004, "kl_nats": 1675.5194091796875, "free_tokens": 503.3125, "beta_used": 0.02176743174444394, "kl_ema": 1588.9952508138351, "beta_next": 0.021722745087118578}
{"kind": "train", "step": 350, "cross_entropy": 0.5608093738555908, "kl_nats": 1469.052001953125, "free_tokens": 412.03125, "beta_used": 0.019469790705446844, "kl_ema": 1525.5105686715654, "beta_next": 0.019423654405454023}
{"kind": "train", "step": 400, "cross_entropy": 0.5090985894203186, "kl_nats": 1593.142822265625, "free_tokens": 396.03125, "beta_used": 0.01741214209325762, "kl_ema": 1534.068992047232, "beta_next": 0.017371625022400958}
{"kind": "train", "step": 450, "cross_entropy": 0.5139199495315552, "kl_nats": 1615.62841796875, "free_tokens": 496.96875, "beta_used": 0.015615896704075153, "kl_ema": 1558.8671053111666, "beta_next": 0.01558149123290515}
{"kind": "train", "step": 500, "cross_entropy": 0.41892972588539124, "kl_nats": 1595.921875, "free_tokens": 484.875, "beta_used": 0.014070452777693873, "kl_ema": 1576.9405801805342, "beta_next": 0.014040721046558718}
{"kind": "train", "step": 550, "cross_entropy": 0.54167640209198, "kl_nats": 1654.4451904296875, "free_tokens": 430.59375, "beta_used": 0.012835443480001379, "kl_ema": 1629.8527317399196, "beta_next": 0.01281171042688244}
{"kind": "train", "step": 600, "cross_entropy": 0.48793408274650574, "kl_nats": 1828.1434326171875, "free_tokens": 512.75, "beta_used": 0.011711763625448733, "kl_ema": 1668.3888436107172, "beta_next": 0.011692360957850438}
{"kind": "train", "step": 650, "cross_entropy": 0.5642911195755005, "kl_nats": 1654.103271484375, "free_tokens": 460.78125, "beta_used": 0.01087094294126695, "kl_ema": 1707.8387472397576, "beta_next": 0.010855074193130192}
{"kind": "train", "step": 700, "cross_entropy": 0.439790815114975, "kl_nats": 1719.5361328125, "free_tokens": 447.34375, "beta_used": 0.010139287727673774, "kl_ema": 1719.4233760230543, "beta_next": 0.010125073464878872}
{"kind": "train", "step": 750, "cross_entropy": 0.5535101294517517, "kl_nats": 1883.9482421875, "free_tokens": 504.875, "beta_used": 0.009527892721985868, "kl_ema": 1808.4416142742712, "beta_next": 0.009518771352124426}
{"kind": "train", "step": 800, "cross_entropy": 0.48139771819114685, "kl_nats": 1702.8829345703125, "free_tokens": 429.5625, "beta_used": 0.009000127738005766, "kl_ema": 1742.6748938184126, "beta_next": 0.008988555390112148}
{"kind": "train", "step": 850, "cross_entropy": 0.4338858127593994, "kl_nats": 1791.510986328125, "free_tokens": 510.75, "beta_used": 0.008579550864724662, "kl_ema": 1788.7160760620256, "beta_next": 0.008570492044663145}
{"kind": "train", "step": 900, "cross_entropy": 0.41319540143013, "kl_nats": 1883.96142578125, "free_tokens": 499.34375, "beta_used": 0.008206377026453436, "kl_ema": 1840.9979550945748, "beta_next": 0.008199855465508388}
{"kind": "train", "step": 950, "cross_entropy": 0.41927987337112427, "kl_nats": 2005.6739501953125, "free_tokens": 530.28125, "beta_used": 0.007913644312484461, "kl_ema": 1852.744428427861, "beta_next": 0.007907819815889252}
{"kind": "train", "step": 1000, "cross_entropy": 0.5728110074996948, "kl_nats": 1771.564697265625, "free_tokens": 408.4375, "beta_used": 0.007719543262105228, "kl_ema": 1902.7600101174432, "beta_next": 0.007715790932826772}
{"kind": "train", "step": 1050, "cross_entropy": 0.6346990466117859, "kl_nats": 1780.1607666015625, "free_tokens": 397.90625, "beta_used": 0.007534427275023336, "kl_ema": 1895.922295198318, "beta_next": 0.007530507465534834}
{"kind": "train", "step": 1100, "cross_entropy": 0.5372378826141357, "kl_nats": 2029.6715087890625, "free_tokens": 511.5, "beta_used": 0.007377538784308283, "kl_ema": 1924.4197813962064, "beta_next": 0.007374751331061888}
{"kind": "train", "step": 1150, "cross_entropy": 0.4438033699989319, "kl_nats": 1991.7882080078125, "free_tokens": 440.59375, "beta_used": 0.007300992582207937, "kl_ema": 1971.1164336824093, "beta_next": 0.007299938264823724}
{"kind": "train", "step": 1200, "cross_entropy": 0.5341808199882507, "kl_nats": 1839.687744140625, "free_tokens": 432.65625, "beta_used": 0.007191553373871329, "kl_ema": 1903.1965530133507, "beta_next": 0.0071880733803487895}
{"kind": "train", "step": 1250, "cross_entropy": 0.45182448625564575, "kl_nats": 2065.776123046875, "free_tokens": 578.90625, "beta_used": 0.007050286332301061, "kl_ema": 1917.8249727857, "beta_next": 0.007047390139972386}
{"kind": "train", "step": 1300, "cross_entropy": 0.47591719031333923, "kl_nats": 1990.72802734375, "free_tokens": 523.75, "beta_used": 0.006955136482522463, "kl_ema": 1948.1689729264099, "beta_next": 0.006953334256723951}
{"kind": "train", "step": 1350, "cross_entropy": 0.48391368985176086, "kl_nats": 2037.049560546875, "free_tokens": 464.71875, "beta_used": 0.006935702770756732, "kl_ema": 1970.544388846577, "beta_next": 0.006934681369154145}
{"kind": "train", "step": 1400, "cross_entropy": 0.4074598550796509, "kl_nats": 1767.16552734375, "free_tokens": 450.375, "beta_used": 0.006870614805246161, "kl_ema": 1942.8931884170715, "beta_next": 0.006868653290773375}
{"kind": "train", "step": 1450, "cross_entropy": 0.5799154043197632, "kl_nats": 1938.2037353515625, "free_tokens": 439.1875, "beta_used": 0.00679923940808178, "kl_ema": 1926.2429199300639, "beta_next": 0.006796732410155125}
{"kind": "train", "step": 1500, "cross_entropy": 0.4802817106246948, "kl_nats": 1937.2838134765625, "free_tokens": 520.9375, "beta_used": 0.006716017044121485, "kl_ema": 1943.8638027263187, "beta_next": 0.0067141322503583315}
{"kind": "train", "step": 1550, "cross_entropy": 0.4346500635147095, "kl_nats": 1942.5322265625, "free_tokens": 470.375, "beta_used": 0.006656548733862935, "kl_ema": 1977.5085743387417, "beta_next": 0.006655800199597688}
{"kind": "train", "step": 1600, "cross_entropy": 0.40415796637535095, "kl_nats": 2046.2166748046875, "free_tokens": 536.15625, "beta_used": 0.006626188142431752, "kl_ema": 1955.5639936473863, "beta_next": 0.006624716099275153}
{"kind": "train", "step": 1650, "cross_entropy": 0.679761528968811, "kl_nats": 2036.298095703125, "free_tokens": 520.875, "beta_used": 0.006535060002394352, "kl_ema": 2008.5935786682685, "beta_next": 0.0065353408061882435}
{"kind": "train", "step": 1700, "cross_entropy": 0.4629480242729187, "kl_nats": 1933.041259765625, "free_tokens": 484.4375, "beta_used": 0.006463716327113338, "kl_ema": 2016.6823117423962, "beta_next": 0.006464255498253492}
{"kind": "train", "step": 1750, "cross_entropy": 0.49876275658607483, "kl_nats": 2165.91259765625, "free_tokens": 538.0625, "beta_used": 0.006433587234458452, "kl_ema": 1980.752888436879, "beta_next": 0.006432968124392865}
{"kind": "train", "step": 1800, "cross_entropy": 0.6066352128982544, "kl_nats": 1921.5963134765625, "free_tokens": 427.28125, "beta_used": 0.006332651081445553, "kl_ema": 1949.2697559290025, "beta_next": 0.006331045000471474}
{"kind": "train", "step": 1850, "cross_entropy": 0.4011440873146057, "kl_nats": 1984.2589111328125, "free_tokens": 459.53125, "beta_used": 0.006310111644921296, "kl_ema": 1992.5784872578172, "beta_next": 0.006309877496395779}
{"kind": "train", "step": 1900, "cross_entropy": 0.59701007604599, "kl_nats": 1896.0933837890625, "free_tokens": 440.53125, "beta_used": 0.00627573792101818, "kl_ema": 1927.7716946939252, "beta_next": 0.006273471900646933}
{"kind": "train", "step": 1950, "cross_entropy": 0.5409994125366211, "kl_nats": 1895.0059814453125, "free_tokens": 466.03125, "beta_used": 0.006204786539056761, "kl_ema": 1965.5244018867118, "beta_next": 0.006203717062601017}
{"kind": "train", "step": 2000, "cross_entropy": 0.3756504952907562, "kl_nats": 1809.7615966796875, "free_tokens": 418.0, "beta_used": 0.006213720768960493, "kl_ema": 1923.025693446119, "beta_next": 0.006211329744872012}
/home/dev/workspace/mojidiff/src/mojidiff/learning/pixel_latent.py:854: UserWarning: Converting a tensor with requires_grad=True to a scalar may lead to unexpected behavior.
Consider using tensor.detach() first. (Triggered internally at /opt/pytorch/pytorch/torch/csrc/autograd/generated/python_variable_methods.cpp:821.)
  "train_cross_entropy": float(last.cross_entropy) if last else None,
{"kind": "eval", "step": 2000, "train_cross_entropy": 0.3756504952907562, "train_kl_nats": 1809.7615966796875, "kl_ema": 1923.025693446119, "beta": 0.006211329744872012, "beta_at_floor": false, "held_out_kl_nats": 1819.514404296875, "held_out_kl_in_band": true, "eval_nll_per_free_token": 1.828865822604641, "eval_free_token_accuracy": 0.6461983443598524, "eval_pixel_error_mean": 0.09455703262938187, "learning_rate": 0.0002980902532082017, "elapsed_seconds": 197.82712250493933}
{"kind": "train", "step": 2050, "cross_entropy": 0.31146183609962463, "kl_nats": 2033.6934814453125, "free_tokens": 518.6875, "beta_used": 0.006191999053008906, "kl_ema": 1987.0289394362005, "beta_next": 0.006191597482057412}
{"kind": "train", "step": 2100, "cross_entropy": 0.6037186980247498, "kl_nats": 1919.80712890625, "free_tokens": 380.46875, "beta_used": 0.006189070640589236, "kl_ema": 2033.9248600599044, "beta_next": 0.006190120546408401}
{"kind": "train", "step": 2150, "cross_entropy": 0.4592733383178711, "kl_nats": 1926.765380859375, "free_tokens": 438.15625, "beta_used": 0.006212881254145883, "kl_ema": 1968.3541070459569, "beta_next": 0.0062118982710408525}
{"kind": "train", "step": 2200, "cross_entropy": 0.3530382513999939, "kl_nats": 1778.3837890625, "free_tokens": 397.1875, "beta_used": 0.0062045942642819435, "kl_ema": 1968.1261932710145, "beta_next": 0.006203605522879362}
{"kind": "train", "step": 2250, "cross_entropy": 0.3971406817436218, "kl_nats": 2078.067138671875, "free_tokens": 461.78125, "beta_used": 0.006117619191951815, "kl_ema": 1961.5228952760076, "beta_next": 0.006116442363786243}
{"kind": "train", "step": 2300, "cross_entropy": 0.48267918825149536, "kl_nats": 1920.6290283203125, "free_tokens": 500.0625, "beta_used": 0.006080015524100407, "kl_ema": 1949.0010304797322, "beta_next": 0.00607846534912014}
{"kind": "train", "step": 2350, "cross_entropy": 0.36560043692588806, "kl_nats": 1906.0101318359375, "free_tokens": 514.875, "beta_used": 0.0060823761264440085, "kl_ema": 1999.1131138560593, "beta_next": 0.0060823491546282684}
{"kind": "train", "step": 2400, "cross_entropy": 0.5032665729522705, "kl_nats": 1921.8330078125, "free_tokens": 428.40625, "beta_used": 0.006030181012993784, "kl_ema": 1942.4527500060867, "beta_next": 0.006028446160924351}
{"kind": "train", "step": 2450, "cross_entropy": 0.4877490699291229, "kl_nats": 1875.802734375, "free_tokens": 454.0625, "beta_used": 0.005979027495649092, "kl_ema": 1954.7314872277866, "beta_next": 0.005977674340380422}
{"kind": "train", "step": 2500, "cross_entropy": 0.38200414180755615, "kl_nats": 1926.1768798828125, "free_tokens": 463.90625, "beta_used": 0.005966529745853788, "kl_ema": 1968.3963657234879, "beta_next": 0.005965587000221282}
{"kind": "train", "step": 2550, "cross_entropy": 0.5192822813987732, "kl_nats": 2050.055908203125, "free_tokens": 490.4375, "beta_used": 0.005939883675109353, "kl_ema": 1971.9751115117438, "beta_next": 0.005939051410532879}
{"kind": "train", "step": 2600, "cross_entropy": 0.36405837535858154, "kl_nats": 1904.49267578125, "free_tokens": 455.6875, "beta_used": 0.005899689852266657, "kl_ema": 1959.235871792156, "beta_next": 0.0058984874962356845}
{"kind": "train", "step": 2650, "cross_entropy": 0.39845412969589233, "kl_nats": 1871.0908203125, "free_tokens": 438.375, "beta_used": 0.005892942933482027, "kl_ema": 1996.9110393935484, "beta_next": 0.005892851918841994}
{"kind": "train", "step": 2700, "cross_entropy": 0.5169575214385986, "kl_nats": 2077.5341796875, "free_tokens": 520.375, "beta_used": 0.005866525508135734, "kl_ema": 1945.6742368838509, "beta_next": 0.00586493220716341}
{"kind": "train", "step": 2750, "cross_entropy": 0.5767924189567566, "kl_nats": 2048.550048828125, "free_tokens": 458.625, "beta_used": 0.00581780331583155, "kl_ema": 2026.1386296864848, "beta_next": 0.005818563712552094}
{"kind": "train", "step": 2800, "cross_entropy": 0.539678692817688, "kl_nats": 2107.87109375, "free_tokens": 466.125, "beta_used": 0.005842183805356907, "kl_ema": 2058.033282601984, "beta_next": 0.005843879256845496}
{"kind": "train", "step": 2850, "cross_entropy": 0.5817983150482178, "kl_nats": 1910.7314453125, "free_tokens": 443.03125, "beta_used": 0.005862614730783872, "kl_ema": 2002.4072439944214, "beta_next": 0.005862685294929044}
{"kind": "train", "step": 2900, "cross_entropy": 0.34116923809051514, "kl_nats": 1923.3134765625, "free_tokens": 435.71875, "beta_used": 0.005874565924775184, "kl_ema": 1986.127023660951, "beta_next": 0.005874158450337172}
{"kind": "train", "step": 2950, "cross_entropy": 0.33521023392677307, "kl_nats": 2167.11279296875, "free_tokens": 560.4375, "beta_used": 0.005863126898302179, "kl_ema": 2040.264104030667, "beta_next": 0.005864307384883168}
{"kind": "train", "step": 3000, "cross_entropy": 0.4344126284122467, "kl_nats": 1971.7921142578125, "free_tokens": 425.625, "beta_used": 0.005873261462422243, "kl_ema": 1961.7451059244895, "beta_next": 0.0058721381648791275}
{"kind": "train", "step": 3050, "cross_entropy": 0.45272043347358704, "kl_nats": 2113.55615234375, "free_tokens": 481.0, "beta_used": 0.005829155966174792, "kl_ema": 1989.40918619465, "beta_next": 0.0058288472968201135}
{"kind": "train", "step": 3100, "cross_entropy": 0.3061273396015167, "kl_nats": 2004.93798828125, "free_tokens": 508.53125, "beta_used": 0.005851272420933569, "kl_ema": 2045.4039153162378, "beta_next": 0.005852600925113552}
{"kind": "train", "step": 3150, "cross_entropy": 0.4428945481777191, "kl_nats": 2154.36572265625, "free_tokens": 492.21875, "beta_used": 0.005854081158426259, "kl_ema": 2020.2770136414697, "beta_next": 0.005854674704931666}
{"kind": "train", "step": 3200, "cross_entropy": 0.41575857996940613, "kl_nats": 2022.711669921875, "free_tokens": 472.1875, "beta_used": 0.005852349021172108, "kl_ema": 1982.9915693479334, "beta_next": 0.005851851345971699}
{"kind": "train", "step": 3250, "cross_entropy": 0.45509225130081177, "kl_nats": 2028.55419921875, "free_tokens": 494.40625, "beta_used": 0.005827844686794271, "kl_ema": 2008.868238450738, "beta_next": 0.005828103106105222}
{"kind": "train", "step": 3300, "cross_entropy": 0.40104514360427856, "kl_nats": 2019.2421875, "free_tokens": 493.4375, "beta_used": 0.0058090962947062825, "kl_ema": 2025.253771224928, "beta_next": 0.005809829848962087}
{"kind": "train", "step": 3350, "cross_entropy": 0.47165513038635254, "kl_nats": 1952.2978515625, "free_tokens": 478.28125, "beta_used": 0.00577064747876496, "kl_ema": 1955.0043662128921, "beta_next": 0.005769349355091835}
{"kind": "train", "step": 3400, "cross_entropy": 0.33432725071907043, "kl_nats": 2025.270263671875, "free_tokens": 547.28125, "beta_used": 0.0057812831422867405, "kl_ema": 1964.3000551269888, "beta_next": 0.0057802512769359465}
{"kind": "train", "step": 3450, "cross_entropy": 0.5766441822052002, "kl_nats": 2043.77197265625, "free_tokens": 475.5625, "beta_used": 0.005759612371258667, "kl_ema": 2053.213105828656, "beta_next": 0.005761145009453938}
{"kind": "train", "step": 3500, "cross_entropy": 0.4036785066127777, "kl_nats": 1903.5723876953125, "free_tokens": 453.34375, "beta_used": 0.005777218836976703, "kl_ema": 2006.5598962704682, "beta_next": 0.005777408329865832}
{"kind": "train", "step": 3550, "cross_entropy": 0.35352203249931335, "kl_nats": 1946.4884033203125, "free_tokens": 441.9375, "beta_used": 0.0057313353275818555, "kl_ema": 1959.960137278423, "beta_next": 0.00573018803303084}
{"kind": "train", "step": 3600, "cross_entropy": 0.5365149974822998, "kl_nats": 2072.38134765625, "free_tokens": 515.28125, "beta_used": 0.005674027380941655, "kl_ema": 1981.4651918702727, "beta_next": 0.005673501570262389}
{"kind": "train", "step": 3650, "cross_entropy": 0.5417283177375793, "kl_nats": 2020.64697265625, "free_tokens": 451.53125, "beta_used": 0.005672554599462239, "kl_ema": 2007.6914398974188, "beta_next": 0.0056727727542208554}
{"kind": "train", "step": 3700, "cross_entropy": 0.4240131676197052, "kl_nats": 1761.943115234375, "free_tokens": 423.53125, "beta_used": 0.005674763104748626, "kl_ema": 1977.4203961409312, "beta_next": 0.0056741224713979296}
{"kind": "train", "step": 3750, "cross_entropy": 0.5097530484199524, "kl_nats": 1898.9833984375, "free_tokens": 468.875, "beta_used": 0.0056641079055807855, "kl_ema": 1983.1325886042378, "beta_next": 0.0056636302315327125}
{"kind": "train", "step": 3800, "cross_entropy": 0.37662625312805176, "kl_nats": 2086.226806640625, "free_tokens": 496.0625, "beta_used": 0.005640732318147894, "kl_ema": 1987.9964928217375, "beta_next": 0.005640393785452587}
{"kind": "train", "step": 3850, "cross_entropy": 0.5605996251106262, "kl_nats": 2156.775390625, "free_tokens": 480.59375, "beta_used": 0.005601462640769559, "kl_ema": 1966.0832870436207, "beta_next": 0.005600512805307462}
{"kind": "train", "step": 3900, "cross_entropy": 0.515356719493866, "kl_nats": 1921.697509765625, "free_tokens": 391.0625, "beta_used": 0.005583570101106553, "kl_ema": 1984.5115508787544, "beta_next": 0.005583137713642166}
{"kind": "train", "step": 3950, "cross_entropy": 0.49017634987831116, "kl_nats": 2039.564208984375, "free_tokens": 557.5, "beta_used": 0.005527484089680829, "kl_ema": 1958.5694613023506, "beta_next": 0.005526339175053605}
{"kind": "train", "step": 4000, "cross_entropy": 0.4438551664352417, "kl_nats": 2026.31689453125, "free_tokens": 428.5625, "beta_used": 0.005487341928282499, "kl_ema": 2008.4638864202775, "beta_next": 0.0054875741543904556}
{"kind": "eval", "step": 4000, "train_cross_entropy": 0.4438551664352417, "train_kl_nats": 2026.31689453125, "kl_ema": 2008.4638864202775, "beta": 0.0054875741543904556, "beta_at_floor": false, "held_out_kl_nats": 1875.78173828125, "held_out_kl_in_band": true, "eval_nll_per_free_token": 1.8568003995727917, "eval_free_token_accuracy": 0.6514511785631171, "eval_pixel_error_mean": 0.0902212040964514, "learning_rate": 0.00028970042661785074, "elapsed_seconds": 419.3952930899104}
{"kind": "train", "step": 4050, "cross_entropy": 0.38729214668273926, "kl_nats": 1973.4779052734375, "free_tokens": 484.3125, "beta_used": 0.0054935370294283475, "kl_ema": 2019.0322943580543, "beta_next": 0.00549405982737212}
{"kind": "train", "step": 4100, "cross_entropy": 0.38584375381469727, "kl_nats": 1804.3876953125, "free_tokens": 381.875, "beta_used": 0.005524002906780743, "kl_ema": 2000.8436130010214, "beta_next": 0.0055240262074332325}
{"kind": "train", "step": 4150, "cross_entropy": 0.5736573934555054, "kl_nats": 1952.3214111328125, "free_tokens": 443.84375, "beta_used": 0.005536883493245475, "kl_ema": 1986.8954451574978, "beta_next": 0.005536520713163814}
{"kind": "train", "step": 4200, "cross_entropy": 0.45087161660194397, "kl_nats": 1983.747314453125, "free_tokens": 510.34375, "beta_used": 0.005522470968133553, "kl_ema": 1981.0897027968938, "beta_next": 0.005521948834981659}
{"kind": "train", "step": 4250, "cross_entropy": 0.5437423586845398, "kl_nats": 2031.4737548828125, "free_tokens": 484.53125, "beta_used": 0.005511179221405216, "kl_ema": 1969.6718598068733, "beta_next": 0.005510343565686244}
{"kind": "train", "step": 4300, "cross_entropy": 0.3861176371574402, "kl_nats": 1971.8778076171875, "free_tokens": 436.5, "beta_used": 0.005494836335123957, "kl_ema": 1991.1496052713694, "beta_next": 0.0054945931831513}
{"kind": "train", "step": 4350, "cross_entropy": 0.34670695662498474, "kl_nats": 2003.0086669921875, "free_tokens": 459.9375, "beta_used": 0.005451616697908845, "kl_ema": 1976.2150940276251, "beta_next": 0.005450968405505756}
{"kind": "train", "step": 4400, "cross_entropy": 0.4254190921783447, "kl_nats": 2056.18310546875, "free_tokens": 507.28125, "beta_used": 0.005443967724417217, "kl_ema": 1983.6838580631745, "beta_next": 0.005443523619782191}
{"kind": "train", "step": 4450, "cross_entropy": 0.5202761292457581, "kl_nats": 1962.710205078125, "free_tokens": 422.8125, "beta_used": 0.005417558073957358, "kl_ema": 1969.6392998783554, "beta_next": 0.00541673573209575}
{"kind": "train", "step": 4500, "cross_entropy": 0.4401339590549469, "kl_nats": 1957.01025390625, "free_tokens": 490.0625, "beta_used": 0.005399609940253012, "kl_ema": 1991.7489184592657, "beta_next": 0.005399387181738516}
{"kind": "train", "step": 4550, "cross_entropy": 0.4687480628490448, "kl_nats": 2107.53857421875, "free_tokens": 511.71875, "beta_used": 0.005370485528558784, "kl_ema": 1961.3104135242788, "beta_next": 0.005369446719718366}
{"kind": "train", "step": 4600, "cross_entropy": 0.44608941674232483, "kl_nats": 1855.636962890625, "free_tokens": 447.15625, "beta_used": 0.005353245635179922, "kl_ema": 1955.1234692046041, "beta_next": 0.0053520445944682995}
{"kind": "train", "step": 4650, "cross_entropy": 0.3031318485736847, "kl_nats": 2060.16259765625, "free_tokens": 515.5, "beta_used": 0.005344749572820849, "kl_ema": 2028.2659457453549, "beta_next": 0.0053455049982088654}
{"kind": "train", "step": 4700, "cross_entropy": 0.5541551113128662, "kl_nats": 2025.099853515625, "free_tokens": 485.875, "beta_used": 0.005336914259257393, "kl_ema": 1982.4384102651397, "beta_next": 0.005336445656337871}
{"kind": "train", "step": 4750, "cross_entropy": 0.44772565364837646, "kl_nats": 1856.8671875, "free_tokens": 383.53125, "beta_used": 0.005358114931258469, "kl_ema": 1973.6767732969931, "beta_next": 0.005357409763295044}
{"kind": "train", "step": 4800, "cross_entropy": 0.4417724311351776, "kl_nats": 1962.8974609375, "free_tokens": 472.84375, "beta_used": 0.005359913729633171, "kl_ema": 2029.0805600578244, "beta_next": 0.005360693132761092}
{"kind": "train", "step": 4850, "cross_entropy": 0.41139835119247437, "kl_nats": 1877.3968505859375, "free_tokens": 473.0, "beta_used": 0.005367441784698361, "kl_ema": 1983.954272146931, "beta_next": 0.0053670111794213065}
{"kind": "train", "step": 4900, "cross_entropy": 0.33072972297668457, "kl_nats": 1988.107666015625, "free_tokens": 489.3125, "beta_used": 0.005343887432599317, "kl_ema": 2002.9584150124374, "beta_next": 0.0053439664803679844}
{"kind": "train", "step": 4950, "cross_entropy": 0.3852696716785431, "kl_nats": 2047.157958984375, "free_tokens": 417.09375, "beta_used": 0.005349996780869705, "kl_ema": 2057.3783823659114, "beta_next": 0.005351531871866518}
{"kind": "train", "step": 5000, "cross_entropy": 0.400275319814682, "kl_nats": 2083.010009765625, "free_tokens": 512.4375, "beta_used": 0.005374209781412083, "kl_ema": 2014.0082520731316, "beta_next": 0.005374586211021292}
{"kind": "train", "step": 5050, "cross_entropy": 0.48593512177467346, "kl_nats": 2000.798583984375, "free_tokens": 517.09375, "beta_used": 0.005413499546777163, "kl_ema": 2035.8190888670435, "beta_next": 0.005414469166708566}
{"kind": "train", "step": 5100, "cross_entropy": 0.41054484248161316, "kl_nats": 1954.70849609375, "free_tokens": 401.0, "beta_used": 0.0053994254031256485, "kl_ema": 1976.519010413056, "beta_next": 0.005398791521078488}
{"kind": "train", "step": 5150, "cross_entropy": 0.5329557657241821, "kl_nats": 2059.1708984375, "free_tokens": 436.9375, "beta_used": 0.005380968947141467, "kl_ema": 2008.7998942551778, "beta_next": 0.005381205712138824}
{"kind": "train", "step": 5200, "cross_entropy": 0.38421836495399475, "kl_nats": 1867.2174072265625, "free_tokens": 442.75, "beta_used": 0.005366879652191819, "kl_ema": 1973.541365874843, "beta_next": 0.005366169697628371}
{"kind": "train", "step": 5250, "cross_entropy": 0.31913113594055176, "kl_nats": 2075.91015625, "free_tokens": 520.34375, "beta_used": 0.005342904874127512, "kl_ema": 1986.844603085129, "beta_next": 0.005342553445514106}
{"kind": "train", "step": 5300, "cross_entropy": 0.4100959300994873, "kl_nats": 1996.313232421875, "free_tokens": 441.625, "beta_used": 0.005312883549590182, "kl_ema": 1975.0207189185967, "beta_next": 0.005312220030968899}
{"kind": "train", "step": 5350, "cross_entropy": 0.5064378976821899, "kl_nats": 2125.4208984375, "free_tokens": 486.0625, "beta_used": 0.005303767965121916, "kl_ema": 1979.1871925151574, "beta_next": 0.005303216062331017}
{"kind": "train", "step": 5400, "cross_entropy": 0.32450875639915466, "kl_nats": 2041.525390625, "free_tokens": 476.96875, "beta_used": 0.005300379902423634, "kl_ema": 2015.576465092272, "beta_next": 0.005300792724411825}
{"kind": "train", "step": 5450, "cross_entropy": 0.4690387547016144, "kl_nats": 1859.0771484375, "free_tokens": 391.25, "beta_used": 0.00529414827746738, "kl_ema": 1963.0199992174382, "beta_next": 0.005293169479922783}
{"kind": "train", "step": 5500, "cross_entropy": 0.2810462415218353, "kl_nats": 1934.0408935546875, "free_tokens": 493.09375, "beta_used": 0.005309408457933553, "kl_ema": 1950.5219625835614, "beta_next": 0.005308095124841405}
{"kind": "train", "step": 5550, "cross_entropy": 0.42493605613708496, "kl_nats": 2083.7353515625, "free_tokens": 500.65625, "beta_used": 0.005297323886832304, "kl_ema": 1990.3677634323124, "beta_next": 0.005297068767591509}
{"kind": "train", "step": 5600, "cross_entropy": 0.4359769821166992, "kl_nats": 1977.095947265625, "free_tokens": 484.65625, "beta_used": 0.005300245219484658, "kl_ema": 2007.8483567089886, "beta_next": 0.005300453214641322}
{"kind": "train", "step": 5650, "cross_entropy": 0.2389668971300125, "kl_nats": 1896.6492919921875, "free_tokens": 460.46875, "beta_used": 0.005296742841391138, "kl_ema": 1960.2416816514437, "beta_next": 0.005295689998102311}
{"kind": "train", "step": 5700, "cross_entropy": 0.5100157260894775, "kl_nats": 2028.10107421875, "free_tokens": 500.28125, "beta_used": 0.005245036841467687, "kl_ema": 1973.6951431839286, "beta_next": 0.005244347037116142}
{"kind": "train", "step": 5750, "cross_entropy": 0.41195785999298096, "kl_nats": 1910.7142333984375, "free_tokens": 523.28125, "beta_used": 0.005274996812255803, "kl_ema": 1982.6434750517974, "beta_next": 0.005274539054049954}
{"kind": "train", "step": 5800, "cross_entropy": 0.3556881546974182, "kl_nats": 1999.3057861328125, "free_tokens": 448.5625, "beta_used": 0.00528663294748365, "kl_ema": 2027.365211949892, "beta_next": 0.005287356346127962}
{"kind": "train", "step": 5850, "cross_entropy": 0.530911386013031, "kl_nats": 2110.49609375, "free_tokens": 455.84375, "beta_used": 0.005297097772890292, "kl_ema": 1985.9697150503616, "beta_next": 0.005296726186968286}
{"kind": "train", "step": 5900, "cross_entropy": 0.543235719203949, "kl_nats": 2077.09814453125, "free_tokens": 522.78125, "beta_used": 0.0052574128402576555, "kl_ema": 1941.9938189953268, "beta_next": 0.0052558882491534715}
{"kind": "train", "step": 5950, "cross_entropy": 0.44625478982925415, "kl_nats": 1922.04736328125, "free_tokens": 459.8125, "beta_used": 0.00527864172134729, "kl_ema": 1995.8777995716914, "beta_next": 0.005278532924372678}
{"kind": "train", "step": 6000, "cross_entropy": 0.365643173456192, "kl_nats": 1949.5457763671875, "free_tokens": 480.6875, "beta_used": 0.005254000216680508, "kl_ema": 1955.7907336837184, "beta_next": 0.005252838967556142}
{"kind": "eval", "step": 6000, "train_cross_entropy": 0.365643173456192, "train_kl_nats": 1949.5457763671875, "kl_ema": 1955.7907336837184, "beta": 0.005252838967556142, "beta_at_floor": false, "held_out_kl_nats": 1844.190673828125, "held_out_kl_in_band": true, "eval_nll_per_free_token": 1.908259551929918, "eval_free_token_accuracy": 0.6528475015791748, "eval_pixel_error_mean": 0.09115419391309842, "learning_rate": 0.00027499708786237723, "elapsed_seconds": 639.7113676689332}
{"kind": "train", "step": 6050, "cross_entropy": 0.7490896582603455, "kl_nats": 2043.62744140625, "free_tokens": 423.34375, "beta_used": 0.0052206799299235615, "kl_ema": 2006.0351055835254, "beta_next": 0.005220837469073436}
{"kind": "train", "step": 6100, "cross_entropy": 0.40081343054771423, "kl_nats": 2056.48876953125, "free_tokens": 507.65625, "beta_used": 0.005234308174983917, "kl_ema": 1993.4058466196468, "beta_next": 0.005234135598674191}
{"kind": "train", "step": 6150, "cross_entropy": 0.47587525844573975, "kl_nats": 2134.11572265625, "free_tokens": 477.625, "beta_used": 0.005228462244664775, "kl_ema": 2030.9583675371637, "beta_next": 0.0052292716305854465}
{"kind": "train", "step": 6200, "cross_entropy": 0.47774359583854675, "kl_nats": 2159.5556640625, "free_tokens": 479.53125, "beta_used": 0.005230907502570441, "kl_ema": 2001.7217447982011, "beta_next": 0.005230952534203187}
{"kind": "train", "step": 6250, "cross_entropy": 0.3737926781177521, "kl_nats": 1938.8602294921875, "free_tokens": 499.25, "beta_used": 0.0052294103023887775, "kl_ema": 1969.1616624370897, "beta_next": 0.005228604032949599}
{"kind": "train", "step": 6300, "cross_entropy": 0.543853223323822, "kl_nats": 1976.69189453125, "free_tokens": 529.09375, "beta_used": 0.005201452109461728, "kl_ema": 1956.8803731161245, "beta_next": 0.005200330806970364}
{"kind": "train", "step": 6350, "cross_entropy": 0.4386158883571625, "kl_nats": 2131.25830078125, "free_tokens": 548.6875, "beta_used": 0.005138397405300782, "kl_ema": 1988.1186614710202, "beta_next": 0.005138092159172358}
{"kind": "train", "step": 6400, "cross_entropy": 0.5028085708618164, "kl_nats": 1970.1212158203125, "free_tokens": 460.65625, "beta_used": 0.0051070333354794805, "kl_ema": 1987.6305106308457, "beta_next": 0.005106717488273997}
{"kind": "train", "step": 6450, "cross_entropy": 0.5302223563194275, "kl_nats": 1906.544189453125, "free_tokens": 450.71875, "beta_used": 0.0051267521680766395, "kl_ema": 1988.0587573704336, "beta_next": 0.005126446078256759}
{"kind": "train", "step": 6500, "cross_entropy": 0.39657339453697205, "kl_nats": 2169.63525390625, "free_tokens": 496.09375, "beta_used": 0.005108285723292776, "kl_ema": 2008.6767462633443, "beta_next": 0.0051085073445954286}
{"kind": "train", "step": 6550, "cross_entropy": 0.4078693985939026, "kl_nats": 1959.11962890625, "free_tokens": 437.46875, "beta_used": 0.005087641469536791, "kl_ema": 1991.1490728160343, "beta_next": 0.005087416322797799}
{"kind": "train", "step": 6600, "cross_entropy": 0.40813136100769043, "kl_nats": 2024.290771484375, "free_tokens": 431.6875, "beta_used": 0.0051286814041034716, "kl_ema": 2002.3349967836082, "beta_next": 0.00512874128172592}
{"kind": "train", "step": 6650, "cross_entropy": 0.46823394298553467, "kl_nats": 1918.441650390625, "free_tokens": 403.1875, "beta_used": 0.005103726624087105, "kl_ema": 1975.1579013404498, "beta_next": 0.005103092727054616}
{"kind": "train", "step": 6700, "cross_entropy": 0.35609471797943115, "kl_nats": 1971.4468994140625, "free_tokens": 542.3125, "beta_used": 0.005107630630276622, "kl_ema": 1991.5941407935181, "beta_next": 0.005107415964667989}
{"kind": "train", "step": 6750, "cross_entropy": 0.4230605363845825, "kl_nats": 2050.981689453125, "free_tokens": 531.84375, "beta_used": 0.0051111748475232855, "kl_ema": 1997.139381632441, "beta_next": 0.005111101742442857}
{"kind": "train", "step": 6800, "cross_entropy": 0.40113958716392517, "kl_nats": 2069.0283203125, "free_tokens": 459.15625, "beta_used": 0.005103568150293206, "kl_ema": 1995.6632248181509, "beta_next": 0.005103457486354557}
{"kind": "train", "step": 6850, "cross_entropy": 0.5351951122283936, "kl_nats": 2017.3843994140625, "free_tokens": 461.9375, "beta_used": 0.0050922009493830495, "kl_ema": 1971.8933992396524, "beta_next": 0.005091485377369589}
{"kind": "train", "step": 6900, "cross_entropy": 0.4384790360927582, "kl_nats": 1959.699951171875, "free_tokens": 465.21875, "beta_used": 0.005085647735791151, "kl_ema": 1997.8721614789683, "beta_next": 0.0050855936288931956}
{"kind": "train", "step": 6950, "cross_entropy": 0.5092484951019287, "kl_nats": 2212.963623046875, "free_tokens": 498.96875, "beta_used": 0.0050355318713396335, "kl_ema": 1996.1009937193312, "beta_next": 0.005035433704444555}
{"kind": "train", "step": 7000, "cross_entropy": 0.4143572449684143, "kl_nats": 2042.2974853515625, "free_tokens": 519.15625, "beta_used": 0.004978185393495552, "kl_ema": 1997.4216944563716, "beta_next": 0.0049781212174942295}
{"kind": "train", "step": 7050, "cross_entropy": 0.3912990391254425, "kl_nats": 1915.085693359375, "free_tokens": 434.5625, "beta_used": 0.004999594580938228, "kl_ema": 2051.2704591176034, "beta_next": 0.005000876402778024}
{"kind": "train", "step": 7100, "cross_entropy": 0.42303466796875, "kl_nats": 2041.068359375, "free_tokens": 503.53125, "beta_used": 0.005043260883602915, "kl_ema": 2026.2253974551284, "beta_next": 0.005043922234568158}
{"kind": "train", "step": 7150, "cross_entropy": 0.34320586919784546, "kl_nats": 2046.8232421875, "free_tokens": 506.9375, "beta_used": 0.005029710911187296, "kl_ema": 1974.9651491260643, "beta_next": 0.005029081360276898}
{"kind": "train", "step": 7200, "cross_entropy": 0.49679550528526306, "kl_nats": 2082.017822265625, "free_tokens": 452.25, "beta_used": 0.005037793983438745, "kl_ema": 2056.257607505549, "beta_next": 0.005039211253943088}
{"kind": "train", "step": 7250, "cross_entropy": 0.39108824729919434, "kl_nats": 1987.1492919921875, "free_tokens": 513.34375, "beta_used": 0.005036508398306985, "kl_ema": 1966.0053071848872, "beta_next": 0.005035652398278387}
{"kind": "train", "step": 7300, "cross_entropy": 0.3406938314437866, "kl_nats": 2066.451904296875, "free_tokens": 513.3125, "beta_used": 0.005042899870670052, "kl_ema": 2011.6694058949045, "beta_next": 0.005043194117481574}
{"kind": "train", "step": 7350, "cross_entropy": 0.5607786178588867, "kl_nats": 1953.22021484375, "free_tokens": 422.8125, "beta_used": 0.005024358806982973, "kl_ema": 2026.2552131085085, "beta_next": 0.005025018428334329}
{"kind": "train", "step": 7400, "cross_entropy": 0.3860608637332916, "kl_nats": 1902.073486328125, "free_tokens": 476.90625, "beta_used": 0.005047797677384506, "kl_ema": 1991.0227861047938, "beta_next": 0.005047571106672228}
{"kind": "train", "step": 7450, "cross_entropy": 0.3635288178920746, "kl_nats": 2071.236328125, "free_tokens": 394.53125, "beta_used": 0.0050656282126515986, "kl_ema": 2043.2408819823197, "beta_next": 0.005066723542213419}
{"kind": "train", "step": 7500, "cross_entropy": 0.4502658247947693, "kl_nats": 1930.659912109375, "free_tokens": 490.15625, "beta_used": 0.0050851347758362085, "kl_ema": 2002.2478852710765, "beta_next": 0.005085191930155217}
{"kind": "train", "step": 7550, "cross_entropy": 0.37718114256858826, "kl_nats": 2058.9716796875, "free_tokens": 519.84375, "beta_used": 0.005069672956291095, "kl_ema": 1975.63872758718, "beta_next": 0.005069055475478743}
{"kind": "train", "step": 7600, "cross_entropy": 0.3979305326938629, "kl_nats": 1893.2236328125, "free_tokens": 457.1875, "beta_used": 0.005056158393227127, "kl_ema": 1972.8996440786714, "beta_next": 0.005055473321182161}
{"kind": "train", "step": 7650, "cross_entropy": 0.4161919057369232, "kl_nats": 2174.93310546875, "free_tokens": 494.21875, "beta_used": 0.0049957011922573576, "kl_ema": 1965.8986708903894, "beta_next": 0.004994849464619578}
{"kind": "train", "step": 7700, "cross_entropy": 0.27423518896102905, "kl_nats": 1912.6390380859375, "free_tokens": 454.0, "beta_used": 0.004966379676947793, "kl_ema": 1997.7309907893173, "beta_next": 0.004966323333461248}
{"kind": "train", "step": 7750, "cross_entropy": 0.43229761719703674, "kl_nats": 2116.55517578125, "free_tokens": 452.4375, "beta_used": 0.004970985311641155, "kl_ema": 2060.5904050866798, "beta_next": 0.004972491509851095}
{"kind": "train", "step": 7800, "cross_entropy": 0.32753029465675354, "kl_nats": 2032.8876953125, "free_tokens": 484.9375, "beta_used": 0.004996830172312889, "kl_ema": 2016.2692679300767, "beta_next": 0.004997236662690288}
{"kind": "train", "step": 7850, "cross_entropy": 0.4242536127567291, "kl_nats": 2019.583984375, "free_tokens": 505.5625, "beta_used": 0.004975261524981449, "kl_ema": 2001.2122503941607, "beta_next": 0.004975291681386564}
{"kind": "train", "step": 7900, "cross_entropy": 0.38864338397979736, "kl_nats": 1880.1121826171875, "free_tokens": 479.0, "beta_used": 0.004991286285138308, "kl_ema": 1989.4431997396557, "beta_next": 0.004991022832029654}
{"kind": "train", "step": 7950, "cross_entropy": 0.4164904057979584, "kl_nats": 1952.2105712890625, "free_tokens": 461.84375, "beta_used": 0.0049806637631884315, "kl_ema": 1954.7798131453776, "beta_next": 0.004979537757758511}
{"kind": "train", "step": 8000, "cross_entropy": 0.37661948800086975, "kl_nats": 2173.060546875, "free_tokens": 499.875, "beta_used": 0.004918950070313679, "kl_ema": 1999.0750939142526, "beta_next": 0.004918927322532001}
{"kind": "eval", "step": 8000, "train_cross_entropy": 0.37661948800086975, "train_kl_nats": 2173.060546875, "kl_ema": 1999.0750939142526, "beta": 0.004918927322532001, "beta_at_floor": false, "held_out_kl_nats": 1879.856689453125, "held_out_kl_in_band": true, "eval_nll_per_free_token": 1.9851996513348182, "eval_free_token_accuracy": 0.6510522291299577, "eval_pixel_error_mean": 0.08328667253954336, "learning_rate": 0.00025464472817024773, "elapsed_seconds": 863.7057543839328}
{"kind": "train", "step": 8050, "cross_entropy": 0.30347147583961487, "kl_nats": 1859.741943359375, "free_tokens": 467.71875, "beta_used": 0.004902874120808583, "kl_ema": 1957.2529072170926, "beta_next": 0.004901826314714509}
{"kind": "train", "step": 8100, "cross_entropy": 0.43301311135292053, "kl_nats": 1925.9007568359375, "free_tokens": 457.78125, "beta_used": 0.004871712038976913, "kl_ema": 1993.1572510341869, "beta_next": 0.004871545362315662}
{"kind": "train", "step": 8150, "cross_entropy": 0.4553869068622589, "kl_nats": 2086.12890625, "free_tokens": 485.96875, "beta_used": 0.0048746721097003174, "kl_ema": 2003.3303376295912, "beta_next": 0.004874753281895939}
{"kind": "train", "step": 8200, "cross_entropy": 0.33112961053848267, "kl_nats": 1785.1536865234375, "free_tokens": 437.09375, "beta_used": 0.004869726244411537, "kl_ema": 1973.8141417435668, "beta_next": 0.004869088696343385}
{"kind": "train", "step": 8250, "cross_entropy": 0.423583060503006, "kl_nats": 1937.142822265625, "free_tokens": 424.625, "beta_used": 0.004874616354217752, "kl_ema": 2006.3005498433092, "beta_next": 0.004874769920453152}
{"kind": "train", "step": 8300, "cross_entropy": 0.4854518175125122, "kl_nats": 1831.3392333984375, "free_tokens": 442.9375, "beta_used": 0.004889666427074804, "kl_ema": 2011.5863574436817, "beta_next": 0.0048899497023950685}
{"kind": "train", "step": 8350, "cross_entropy": 0.2798209488391876, "kl_nats": 1939.81201171875, "free_tokens": 459.21875, "beta_used": 0.004858904514972155, "kl_ema": 1952.6084934465198, "beta_next": 0.004857753297346568}
{"kind": "train", "step": 8400, "cross_entropy": 0.37588486075401306, "kl_nats": 1924.027587890625, "free_tokens": 484.8125, "beta_used": 0.004878885141359022, "kl_ema": 2017.86253973283, "beta_next": 0.004879320907216892}
{"kind": "train", "step": 8450, "cross_entropy": 0.3796892762184143, "kl_nats": 1913.9539794921875, "free_tokens": 481.125, "beta_used": 0.0048767618184002255, "kl_ema": 1975.1511222557726, "beta_next": 0.004876155945748077}
{"kind": "train", "step": 8500, "cross_entropy": 0.5150002241134644, "kl_nats": 2065.575927734375, "free_tokens": 484.96875, "beta_used": 0.004874210658186122, "kl_ema": 2041.1295727926683, "beta_next": 0.004875213132271281}
{"kind": "train", "step": 8550, "cross_entropy": 0.3811856806278229, "kl_nats": 2067.6044921875, "free_tokens": 549.09375, "beta_used": 0.004880456839127612, "kl_ema": 1986.3113949002902, "beta_next": 0.004880122817326588}
{"kind": "train", "step": 8600, "cross_entropy": 0.3255734145641327, "kl_nats": 1941.3365478515625, "free_tokens": 499.65625, "beta_used": 0.004892814765958057, "kl_ema": 1981.299675670755, "beta_next": 0.0048923573012302065}
{"kind": "train", "step": 8650, "cross_entropy": 0.28270217776298523, "kl_nats": 2016.623046875, "free_tokens": 472.125, "beta_used": 0.004910012317731379, "kl_ema": 1995.3532974758377, "beta_next": 0.004909898242223421}
{"kind": "train", "step": 8700, "cross_entropy": 0.2857745289802551, "kl_nats": 1909.9908447265625, "free_tokens": 443.84375, "beta_used": 0.004876526869724935, "kl_ema": 1956.6468547721972, "beta_next": 0.004875469920396314}
{"kind": "train", "step": 8750, "cross_entropy": 0.3814559578895569, "kl_nats": 1945.967041015625, "free_tokens": 479.40625, "beta_used": 0.0048633278218395476, "kl_ema": 1989.9607028113242, "beta_next": 0.004863083705999832}
{"kind": "train", "step": 8800, "cross_entropy": 0.4305051267147064, "kl_nats": 2169.04736328125, "free_tokens": 493.65625, "beta_used": 0.00484029279690521, "kl_ema": 2008.525144198225, "beta_next": 0.004840499122272838}
{"kind": "train", "step": 8850, "cross_entropy": 0.4168846309185028, "kl_nats": 2156.2763671875, "free_tokens": 537.0625, "beta_used": 0.004846780666625925, "kl_ema": 2009.6649027157907, "beta_next": 0.0048470148906033985}
{"kind": "train", "step": 8900, "cross_entropy": 0.447897732257843, "kl_nats": 2012.7061767578125, "free_tokens": 491.0, "beta_used": 0.004877468673381303, "kl_ema": 2040.4402428602104, "beta_next": 0.004878455003184957}
{"kind": "train", "step": 8950, "cross_entropy": 0.4645550847053528, "kl_nats": 1904.3292236328125, "free_tokens": 438.96875, "beta_used": 0.00488720510874058, "kl_ema": 1999.6567721887357, "beta_next": 0.004887196721624212}
{"kind": "train", "step": 9000, "cross_entropy": 0.478158563375473, "kl_nats": 2089.513916015625, "free_tokens": 499.28125, "beta_used": 0.004872826244959075, "kl_ema": 2049.5814756763652, "beta_next": 0.004874034404288393}
{"kind": "train", "step": 9050, "cross_entropy": 0.5213338732719421, "kl_nats": 1991.4150390625, "free_tokens": 459.3125, "beta_used": 0.004866278952516346, "kl_ema": 2020.020347124253, "beta_next": 0.004866766099867252}
{"kind": "train", "step": 9100, "cross_entropy": 0.5506980419158936, "kl_nats": 1967.103759765625, "free_tokens": 473.71875, "beta_used": 0.00487991171886631, "kl_ema": 2025.1648557740389, "beta_next": 0.004880525768869674}
{"kind": "train", "step": 9150, "cross_entropy": 0.3446824550628662, "kl_nats": 1863.9609375, "free_tokens": 392.40625, "beta_used": 0.004842970465129711, "kl_ema": 1944.90957478601, "beta_next": 0.004841636642329193}
{"kind": "train", "step": 9200, "cross_entropy": 0.38457998633384705, "kl_nats": 1977.852294921875, "free_tokens": 438.03125, "beta_used": 0.004835437034515797, "kl_ema": 2027.3043840489775, "beta_next": 0.00483609722272903}
{"kind": "train", "step": 9250, "cross_entropy": 0.36196136474609375, "kl_nats": 2055.191162109375, "free_tokens": 404.4375, "beta_used": 0.004821304629875286, "kl_ema": 2003.7387697398772, "beta_next": 0.004821394759457001}
{"kind": "train", "step": 9300, "cross_entropy": 0.360439658164978, "kl_nats": 1938.0870361328125, "free_tokens": 464.71875, "beta_used": 0.004797822881374548, "kl_ema": 1987.558489561389, "beta_next": 0.004797524429840308}
{"kind": "train", "step": 9350, "cross_entropy": 0.42914196848869324, "kl_nats": 1969.75439453125, "free_tokens": 458.46875, "beta_used": 0.0047961411295728085, "kl_ema": 1997.354438133003, "beta_next": 0.004796077687552003}
{"kind": "train", "step": 9400, "cross_entropy": 0.4600476324558258, "kl_nats": 1752.32275390625, "free_tokens": 391.3125, "beta_used": 0.004810864624665763, "kl_ema": 1988.207651779848, "beta_next": 0.004810580976073581}
{"kind": "train", "step": 9450, "cross_entropy": 0.24650827050209045, "kl_nats": 2128.072021484375, "free_tokens": 472.53125, "beta_used": 0.004818051117190942, "kl_ema": 2055.550723705014, "beta_next": 0.00481938953418946}
{"kind": "train", "step": 9500, "cross_entropy": 0.4348668158054352, "kl_nats": 1995.951904296875, "free_tokens": 431.40625, "beta_used": 0.004815932659120927, "kl_ema": 2022.4320547266689, "beta_next": 0.004816472845738946}
{"kind": "train", "step": 9550, "cross_entropy": 0.44300365447998047, "kl_nats": 1990.8240966796875, "free_tokens": 510.1875, "beta_used": 0.00479692472805587, "kl_ema": 2015.6334100991614, "beta_next": 0.004797299704168509}
{"kind": "train", "step": 9600, "cross_entropy": 0.3491358757019043, "kl_nats": 2147.934326171875, "free_tokens": 470.6875, "beta_used": 0.004785792594203278, "kl_ema": 2042.0550049181636, "beta_next": 0.004786799032669438}
{"kind": "train", "step": 9650, "cross_entropy": 0.4199103116989136, "kl_nats": 2045.6046142578125, "free_tokens": 470.0, "beta_used": 0.004825641713353267, "kl_ema": 2006.9622436639436, "beta_next": 0.004825809702744423}
{"kind": "train", "step": 9700, "cross_entropy": 0.32447925209999084, "kl_nats": 2154.689453125, "free_tokens": 508.28125, "beta_used": 0.004783990313326223, "kl_ema": 1987.464013771105, "beta_next": 0.004783690462540202}
{"kind": "train", "step": 9750, "cross_entropy": 0.3837217688560486, "kl_nats": 1988.0615234375, "free_tokens": 433.78125, "beta_used": 0.004787999794123083, "kl_ema": 1985.6595669763387, "beta_next": 0.004787656496478997}
{"kind": "train", "step": 9800, "cross_entropy": 0.348846971988678, "kl_nats": 2057.281494140625, "free_tokens": 546.46875, "beta_used": 0.004780512330350773, "kl_ema": 2011.5900333867924, "beta_next": 0.00478078936986551}
{"kind": "train", "step": 9850, "cross_entropy": 0.36618685722351074, "kl_nats": 2105.0869140625, "free_tokens": 529.0625, "beta_used": 0.00477224475347669, "kl_ema": 2025.7661858270014, "beta_next": 0.00477285960580749}
{"kind": "train", "step": 9900, "cross_entropy": 0.45032674074172974, "kl_nats": 1961.358154296875, "free_tokens": 498.5, "beta_used": 0.004773374396836212, "kl_ema": 1967.274760160053, "beta_next": 0.004772593411622864}
{"kind": "train", "step": 9950, "cross_entropy": 0.41344770789146423, "kl_nats": 1995.7020263671875, "free_tokens": 488.1875, "beta_used": 0.004743875243183205, "kl_ema": 1994.6570119311828, "beta_next": 0.004743748512531891}
{"kind": "train", "step": 10000, "cross_entropy": 0.3620151877403259, "kl_nats": 1919.09521484375, "free_tokens": 478.25, "beta_used": 0.004748208954877583, "kl_ema": 1937.0832095504038, "beta_next": 0.004746715479462474}
{"kind": "eval", "step": 10000, "train_cross_entropy": 0.3620151877403259, "train_kl_nats": 1919.09521484375, "kl_ema": 1937.0832095504038, "beta": 0.004746715479462474, "beta_at_floor": false, "held_out_kl_nats": 1791.947509765625, "held_out_kl_in_band": true, "eval_nll_per_free_token": 1.9246076477775191, "eval_free_token_accuracy": 0.6543435619535224, "eval_pixel_error_mean": 0.08673792603076436, "learning_rate": 0.00022956313621796135, "elapsed_seconds": 1086.1028856079793}
{"kind": "train", "step": 10050, "cross_entropy": 0.4176827371120453, "kl_nats": 2012.431884765625, "free_tokens": 441.75, "beta_used": 0.004717984824817873, "kl_ema": 1999.1098830820624, "beta_next": 0.004717963827074042}
{"kind": "train", "step": 10100, "cross_entropy": 0.40031707286834717, "kl_nats": 2176.2607421875, "free_tokens": 511.34375, "beta_used": 0.004752115714683858, "kl_ema": 2053.015456976488, "beta_next": 0.004753375559585709}
{"kind": "train", "step": 10150, "cross_entropy": 0.4380388557910919, "kl_nats": 1675.27978515625, "free_tokens": 364.84375, "beta_used": 0.004740766323906271, "kl_ema": 1927.6190792974078, "beta_next": 0.004739050929172819}
{"kind": "train", "step": 10200, "cross_entropy": 0.36164021492004395, "kl_nats": 1925.3751220703125, "free_tokens": 467.125, "beta_used": 0.0047441242662305694, "kl_ema": 2009.8305319212102, "beta_next": 0.004744357458286717}
{"kind": "train", "step": 10250, "cross_entropy": 0.4487188756465912, "kl_nats": 2123.7158203125, "free_tokens": 540.5, "beta_used": 0.004752200059912696, "kl_ema": 1992.226874476787, "beta_next": 0.004752015366263952}
{"kind": "train", "step": 10300, "cross_entropy": 0.3470308184623718, "kl_nats": 2133.314453125, "free_tokens": 516.6875, "beta_used": 0.004727443089741986, "kl_ema": 2013.8070937582083, "beta_next": 0.0047277694622573805}
{"kind": "train", "step": 10350, "cross_entropy": 0.4716937839984894, "kl_nats": 2153.0, "free_tokens": 456.84375, "beta_used": 0.004720089026950471, "kl_ema": 2014.7000336330743, "beta_next": 0.004720435967037627}
{"kind": "train", "step": 10400, "cross_entropy": 0.25384122133255005, "kl_nats": 1909.64453125, "free_tokens": 452.4375, "beta_used": 0.004729194469805055, "kl_ema": 1990.086023143802, "beta_next": 0.004728960049992575}
{"kind": "train", "step": 10450, "cross_entropy": 0.37778228521347046, "kl_nats": 1984.262451171875, "free_tokens": 464.90625, "beta_used": 0.004728931247992068, "kl_ema": 1957.8511610503513, "beta_next": 0.004727934758190098}
{"kind": "train", "step": 10500, "cross_entropy": 0.4995371401309967, "kl_nats": 1981.41748046875, "free_tokens": 427.78125, "beta_used": 0.004721654515866635, "kl_ema": 1998.7565760287805, "beta_next": 0.004721625160865842}
{"kind": "train", "step": 10550, "cross_entropy": 0.45422688126564026, "kl_nats": 2208.2060546875, "free_tokens": 571.5, "beta_used": 0.004709541585340181, "kl_ema": 2028.392175343827, "beta_next": 0.004710210203450264}
{"kind": "train", "step": 10600, "cross_entropy": 0.3013562858104706, "kl_nats": 1917.364990234375, "free_tokens": 513.5, "beta_used": 0.0047340358354061585, "kl_ema": 2002.2935664281063, "beta_next": 0.004734090124845758}
{"kind": "train", "step": 10650, "cross_entropy": 0.38336181640625, "kl_nats": 1969.0469970703125, "free_tokens": 432.75, "beta_used": 0.004703171833053345, "kl_ema": 1996.4681125044326, "beta_next": 0.004703088778417764}
{"kind": "train", "step": 10700, "cross_entropy": 0.42422086000442505, "kl_nats": 1874.9970703125, "free_tokens": 443.8125, "beta_used": 0.004715333205541911, "kl_ema": 1993.1588758089, "beta_next": 0.004715171917400101}
{"kind": "train", "step": 10750, "cross_entropy": 0.4417809844017029, "kl_nats": 1830.80908203125, "free_tokens": 447.40625, "beta_used": 0.004686505757320979, "kl_ema": 1964.2548437746148, "beta_next": 0.004685668232764592}
{"kind": "train", "step": 10800, "cross_entropy": 0.44746991991996765, "kl_nats": 2087.25927734375, "free_tokens": 555.09375, "beta_used": 0.004654472389454329, "kl_ema": 1988.9054248303253, "beta_next": 0.004654214199646661}
{"kind": "train", "step": 10850, "cross_entropy": 0.32874464988708496, "kl_nats": 2042.108154296875, "free_tokens": 439.3125, "beta_used": 0.004660263025105451, "kl_ema": 2022.409125408905, "beta_next": 0.004660785216452375}
{"kind": "train", "step": 10900, "cross_entropy": 0.3549955487251282, "kl_nats": 1803.6016845703125, "free_tokens": 459.03125, "beta_used": 0.0046617846154740124, "kl_ema": 1949.1457296166418, "beta_next": 0.004660599407886044}
{"kind": "train", "step": 10950, "cross_entropy": 0.4672645032405853, "kl_nats": 2060.286865234375, "free_tokens": 504.4375, "beta_used": 0.004645144002271492, "kl_ema": 1976.625599863243, "beta_next": 0.004644601146721409}
{"kind": "train", "step": 11000, "cross_entropy": 0.31026244163513184, "kl_nats": 1940.662353515625, "free_tokens": 449.125, "beta_used": 0.004605556559571316, "kl_ema": 2003.4539769364671, "beta_next": 0.004605636097688802}
{"kind": "train", "step": 11050, "cross_entropy": 0.2603055238723755, "kl_nats": 1912.30078125, "free_tokens": 446.5625, "beta_used": 0.004599355281728652, "kl_ema": 1975.5395131284388, "beta_next": 0.0045987928037781334}
{"kind": "train", "step": 11100, "cross_entropy": 0.6200727224349976, "kl_nats": 1861.00390625, "free_tokens": 466.75, "beta_used": 0.004614862889150362, "kl_ema": 1984.1713804246124, "beta_next": 0.004614497669057552}
{"kind": "train", "step": 11150, "cross_entropy": 0.32625842094421387, "kl_nats": 1952.177001953125, "free_tokens": 485.3125, "beta_used": 0.004623111931362009, "kl_ema": 2033.438254065822, "beta_next": 0.004623884939937028}
{"kind": "train", "step": 11200, "cross_entropy": 0.3175351619720459, "kl_nats": 2100.56201171875, "free_tokens": 495.0625, "beta_used": 0.0046147293577677335, "kl_ema": 2029.064177119313, "beta_next": 0.004615400023054448}
{"kind": "train", "step": 11250, "cross_entropy": 0.3713586628437042, "kl_nats": 1769.0782470703125, "free_tokens": 406.0625, "beta_used": 0.004619671754896454, "kl_ema": 1974.83934542894, "beta_next": 0.004619090621625172}
{"kind": "train", "step": 11300, "cross_entropy": 0.37770989537239075, "kl_nats": 1932.9407958984375, "free_tokens": 410.34375, "beta_used": 0.004591817945301672, "kl_ema": 1988.9427892307908, "beta_next": 0.0045915640888249225}
{"kind": "train", "step": 11350, "cross_entropy": 0.2905274033546448, "kl_nats": 1954.1832275390625, "free_tokens": 474.4375, "beta_used": 0.004595403038237908, "kl_ema": 1940.7694398791202, "beta_next": 0.004594042298261649}
{"kind": "train", "step": 11400, "cross_entropy": 0.3295843303203583, "kl_nats": 1956.05517578125, "free_tokens": 508.875, "beta_used": 0.0045943785679334785, "kl_ema": 2017.5396099270583, "beta_next": 0.004594781503641253}
{"kind": "train", "step": 11450, "cross_entropy": 0.3929780125617981, "kl_nats": 1971.84619140625, "free_tokens": 449.96875, "beta_used": 0.0045854936708579685, "kl_ema": 2003.603210665911, "beta_next": 0.004585576284100664}
{"kind": "train", "step": 11500, "cross_entropy": 0.5610166788101196, "kl_nats": 1869.14990234375, "free_tokens": 376.09375, "beta_used": 0.004596820562781944, "kl_ema": 2008.5009903134862, "beta_next": 0.004597015954569858}
{"kind": "train", "step": 11550, "cross_entropy": 0.38331130146980286, "kl_nats": 1997.132568359375, "free_tokens": 517.5, "beta_used": 0.004591678531819521, "kl_ema": 1988.451110526326, "beta_next": 0.004591413395535354}
{"kind": "train", "step": 11600, "cross_entropy": 0.3512890338897705, "kl_nats": 2092.18212890625, "free_tokens": 537.84375, "beta_used": 0.004567985870935427, "kl_ema": 1985.9379077099745, "beta_next": 0.004567664705031737}
{"kind": "train", "step": 11650, "cross_entropy": 0.3527109920978546, "kl_nats": 1945.6767578125, "free_tokens": 457.25, "beta_used": 0.004586733126898208, "kl_ema": 1998.1024948114969, "beta_next": 0.004586689610355107}
{"kind": "train", "step": 11700, "cross_entropy": 0.30310115218162537, "kl_nats": 2030.2066650390625, "free_tokens": 489.15625, "beta_used": 0.00458471705614256, "kl_ema": 2067.1098203499714, "beta_next": 0.004586255711965377}
{"kind": "train", "step": 11750, "cross_entropy": 0.3234342038631439, "kl_nats": 1843.1435546875, "free_tokens": 486.9375, "beta_used": 0.00459259574659099, "kl_ema": 1944.3836624674732, "beta_next": 0.004591318807369961}
{"kind": "train", "step": 11800, "cross_entropy": 0.3695148229598999, "kl_nats": 2212.55224609375, "free_tokens": 560.28125, "beta_used": 0.004580304792746322, "kl_ema": 1991.667339523599, "beta_next": 0.0045801139660980004}
{"kind": "train", "step": 11850, "cross_entropy": 0.43445488810539246, "kl_nats": 2045.712890625, "free_tokens": 502.625, "beta_used": 0.0045959938731244465, "kl_ema": 2003.5767769853464, "beta_next": 0.004596076068084978}
{"kind": "train", "step": 11900, "cross_entropy": 0.3741564154624939, "kl_nats": 2031.0054931640625, "free_tokens": 479.15625, "beta_used": 0.004613384534587248, "kl_ema": 1973.1010749347054, "beta_next": 0.004612764100886215}
{"kind": "train", "step": 11950, "cross_entropy": 0.4923251271247864, "kl_nats": 1843.20751953125, "free_tokens": 422.4375, "beta_used": 0.00463017275530197, "kl_ema": 2012.3332866662183, "beta_next": 0.004630458290345371}
{"kind": "train", "step": 12000, "cross_entropy": 0.38348329067230225, "kl_nats": 1968.48876953125, "free_tokens": 490.15625, "beta_used": 0.004621181735055519, "kl_ema": 1979.6036534985165, "beta_next": 0.004620710482965906}
{"kind": "eval", "step": 12000, "train_cross_entropy": 0.38348329067230225, "train_kl_nats": 1968.48876953125, "kl_ema": 1979.6036534985165, "beta": 0.004620710482965906, "beta_at_floor": false, "held_out_kl_nats": 1901.6226806640625, "held_out_kl_in_band": true, "eval_nll_per_free_token": 1.9056902760231391, "eval_free_token_accuracy": 0.6504205591941221, "eval_pixel_error_mean": 0.07934058863611426, "learning_rate": 0.0002008858299177045, "elapsed_seconds": 1306.3455750580179}
{"kind": "train", "step": 12050, "cross_entropy": 0.40015870332717896, "kl_nats": 1868.9071044921875, "free_tokens": 396.75, "beta_used": 0.004644666491380771, "kl_ema": 1977.9368996809048, "beta_next": 0.004644154140927647}
{"kind": "train", "step": 12100, "cross_entropy": 0.3200717866420746, "kl_nats": 2068.253662109375, "free_tokens": 491.125, "beta_used": 0.004662491322819128, "kl_ema": 2031.0401770433482, "beta_next": 0.004663215001756096}
{"kind": "train", "step": 12150, "cross_entropy": 0.39867231249809265, "kl_nats": 1999.138671875, "free_tokens": 420.5625, "beta_used": 0.004671358898804682, "kl_ema": 2038.1552798403713, "beta_next": 0.0046722501688487164}
{"kind": "train", "step": 12200, "cross_entropy": 0.31180188059806824, "kl_nats": 1849.905029296875, "free_tokens": 396.4375, "beta_used": 0.004667364463884267, "kl_ema": 1995.2682523261367, "beta_next": 0.004667254041235777}
{"kind": "train", "step": 12250, "cross_entropy": 0.4897908866405487, "kl_nats": 1989.4222412109375, "free_tokens": 460.15625, "beta_used": 0.004653700686486629, "kl_ema": 2005.4692704146846, "beta_next": 0.004653827949964134}
{"kind": "train", "step": 12300, "cross_entropy": 0.2447390854358673, "kl_nats": 1907.5537109375, "free_tokens": 518.3125, "beta_used": 0.0046497620733948, "kl_ema": 1998.4922268577525, "beta_next": 0.004649727019595072}
{"kind": "train", "step": 12350, "cross_entropy": 0.43285220861434937, "kl_nats": 2140.890625, "free_tokens": 458.71875, "beta_used": 0.004628752770093621, "kl_ema": 2092.0252902127045, "beta_next": 0.004630883071745058}
{"kind": "train", "step": 12400, "cross_entropy": 0.38581469655036926, "kl_nats": 2146.671875, "free_tokens": 517.09375, "beta_used": 0.004658693787555147, "kl_ema": 2033.2560227670758, "beta_next": 0.004659468500096325}
{"kind": "train", "step": 12450, "cross_entropy": 0.3029992878437042, "kl_nats": 2061.45458984375, "free_tokens": 546.5625, "beta_used": 0.004682729886158348, "kl_ema": 2024.9085140983052, "beta_next": 0.004683313121693359}
{"kind": "train", "step": 12500, "cross_entropy": 0.37679004669189453, "kl_nats": 1949.769775390625, "free_tokens": 463.34375, "beta_used": 0.0046677447135159925, "kl_ema": 1981.2555226200866, "beta_next": 0.004667307261839833}
{"kind": "train", "step": 12550, "cross_entropy": 0.3873228132724762, "kl_nats": 1957.2645263671875, "free_tokens": 483.53125, "beta_used": 0.00463193214739131, "kl_ema": 1966.1332168568997, "beta_next": 0.004631147870587671}
{"kind": "train", "step": 12600, "cross_entropy": 0.41258174180984497, "kl_nats": 1989.556640625, "free_tokens": 497.65625, "beta_used": 0.004613032447633219, "kl_ema": 1991.981215708822, "beta_next": 0.004612847496780318}
{"kind": "train", "step": 12650, "cross_entropy": 0.3327404856681824, "kl_nats": 1993.118408203125, "free_tokens": 397.5, "beta_used": 0.004620232606579453, "kl_ema": 2025.9200335098565, "beta_next": 0.004620831428302244}
{"kind": "train", "step": 12700, "cross_entropy": 0.32948294281959534, "kl_nats": 1952.9384765625, "free_tokens": 482.15625, "beta_used": 0.004645119193243139, "kl_ema": 2013.4984572347776, "beta_next": 0.004645432713537023}
{"kind": "train", "step": 12750, "cross_entropy": 0.36307647824287415, "kl_nats": 1943.4752197265625, "free_tokens": 418.78125, "beta_used": 0.004654807264667063, "kl_ema": 1976.9319789683054, "beta_next": 0.004654270409668716}
{"kind": "train", "step": 12800, "cross_entropy": 0.27868857979774475, "kl_nats": 2050.60302734375, "free_tokens": 520.625, "beta_used": 0.004630894075592093, "kl_ema": 2033.917449409576, "beta_next": 0.004631679482765381}
{"kind": "train", "step": 12850, "cross_entropy": 0.2328508198261261, "kl_nats": 1970.1370849609375, "free_tokens": 439.96875, "beta_used": 0.0046286311266724185, "kl_ema": 2002.3124196857113, "beta_next": 0.00462868464367048}
{"kind": "train", "step": 12900, "cross_entropy": 0.2974270284175873, "kl_nats": 1984.322509765625, "free_tokens": 499.96875, "beta_used": 0.004629051963856852, "kl_ema": 1975.9731950833639, "beta_next": 0.004628495890616756}
{"kind": "train", "step": 12950, "cross_entropy": 0.3116168677806854, "kl_nats": 2107.22802734375, "free_tokens": 446.21875, "beta_used": 0.004625972409083586, "kl_ema": 1993.5071295734622, "beta_next": 0.00462582223232405}
{"kind": "train", "step": 13000, "cross_entropy": 0.3711928427219391, "kl_nats": 1952.38427734375, "free_tokens": 451.46875, "beta_used": 0.0046176705918843505, "kl_ema": 1988.5370224431897, "beta_next": 0.004617405938196923}
{"kind": "train", "step": 13050, "cross_entropy": 0.3855839669704437, "kl_nats": 2160.4453125, "free_tokens": 512.28125, "beta_used": 0.004592416959184503, "kl_ema": 2008.4708855707693, "beta_next": 0.004592611472496497}
{"kind": "train", "step": 13100, "cross_entropy": 0.4269321858882904, "kl_nats": 2026.2425537109375, "free_tokens": 495.125, "beta_used": 0.004598462751476571, "kl_ema": 2000.2055825468724, "beta_next": 0.004598467478297422}
{"kind": "train", "step": 13150, "cross_entropy": 0.3435368239879608, "kl_nats": 2029.330078125, "free_tokens": 448.96875, "beta_used": 0.004561947571866927, "kl_ema": 1978.0037046975797, "beta_next": 0.00456144586972668}
{"kind": "train", "step": 13200, "cross_entropy": 0.27866417169570923, "kl_nats": 1935.5252685546875, "free_tokens": 491.28125, "beta_used": 0.004556791738158233, "kl_ema": 2000.739182165991, "beta_next": 0.004556808579685289}
{"kind": "train", "step": 13250, "cross_entropy": 0.3872806429862976, "kl_nats": 2001.2601318359375, "free_tokens": 440.46875, "beta_used": 0.004551636164780666, "kl_ema": 1988.3182604700462, "beta_next": 0.0045513703174040795}
{"kind": "train", "step": 13300, "cross_entropy": 0.3158395290374756, "kl_nats": 1964.0789794921875, "free_tokens": 463.0, "beta_used": 0.004548801207009154, "kl_ema": 2001.947215499368, "beta_next": 0.004548845494705818}
{"kind": "train", "step": 13350, "cross_entropy": 0.4394190311431885, "kl_nats": 1865.754150390625, "free_tokens": 428.90625, "beta_used": 0.00455557284660205, "kl_ema": 1994.5812666739625, "beta_next": 0.004555449421102067}
{"kind": "train", "step": 13400, "cross_entropy": 0.4241119921207428, "kl_nats": 1777.392578125, "free_tokens": 312.84375, "beta_used": 0.0045371021921249925, "kl_ema": 1955.8460687176637, "beta_next": 0.004536100648192254}
{"kind": "train", "step": 13450, "cross_entropy": 0.3989105522632599, "kl_nats": 2189.46728515625, "free_tokens": 487.3125, "beta_used": 0.004548217236441804, "kl_ema": 2006.1323432133586, "beta_next": 0.004548356694725321}
{"kind": "train", "step": 13500, "cross_entropy": 0.29928943514823914, "kl_nats": 1912.161376953125, "free_tokens": 420.71875, "beta_used": 0.004565487024740238, "kl_ema": 1973.4219003245205, "beta_next": 0.004564880355205387}
{"kind": "train", "step": 13550, "cross_entropy": 0.4690362811088562, "kl_nats": 1918.1522216796875, "free_tokens": 433.3125, "beta_used": 0.004540842424559762, "kl_ema": 1945.5606228903662, "beta_next": 0.004539606589596875}
{"kind": "train", "step": 13600, "cross_entropy": 0.3466539680957794, "kl_nats": 2027.9609375, "free_tokens": 484.34375, "beta_used": 0.004521791299121983, "kl_ema": 2009.9041168319284, "beta_next": 0.004522015226413022}
{"kind": "train", "step": 13650, "cross_entropy": 0.264037549495697, "kl_nats": 1854.266357421875, "free_tokens": 441.0, "beta_used": 0.004504708478942013, "kl_ema": 1977.152333154593, "beta_next": 0.004504193897942198}
{"kind": "train", "step": 13700, "cross_entropy": 0.3928162455558777, "kl_nats": 2002.07275390625, "free_tokens": 421.53125, "beta_used": 0.004467851147841332, "kl_ema": 1986.9171550932397, "beta_next": 0.004467558896381968}
{"kind": "train", "step": 13750, "cross_entropy": 0.3599278926849365, "kl_nats": 1949.1788330078125, "free_tokens": 413.96875, "beta_used": 0.004457096653649407, "kl_ema": 1999.3645913518478, "beta_next": 0.004457082493283104}
{"kind": "train", "step": 13800, "cross_entropy": 0.4480970501899719, "kl_nats": 2106.9267578125, "free_tokens": 502.375, "beta_used": 0.004448050403190519, "kl_ema": 1995.9149519065777, "beta_next": 0.00444795955161926}
{"kind": "train", "step": 13850, "cross_entropy": 0.18843282759189606, "kl_nats": 1947.20703125, "free_tokens": 485.0, "beta_used": 0.004436255925720764, "kl_ema": 1999.1239778128606, "beta_next": 0.0044362364944702274}
{"kind": "train", "step": 13900, "cross_entropy": 0.34967562556266785, "kl_nats": 1951.68359375, "free_tokens": 497.09375, "beta_used": 0.004448991062864405, "kl_ema": 1982.937534494422, "beta_next": 0.004448611525271529}
{"kind": "train", "step": 13950, "cross_entropy": 0.40087947249412537, "kl_nats": 2106.03564453125, "free_tokens": 463.46875, "beta_used": 0.004446786862848291, "kl_ema": 2026.356297355616, "beta_next": 0.00444737290564641}
{"kind": "train", "step": 14000, "cross_entropy": 0.4493655860424042, "kl_nats": 2018.830078125, "free_tokens": 460.0, "beta_used": 0.004476705496286644, "kl_ema": 1991.1899129978387, "beta_next": 0.004476508299805445}
{"kind": "eval", "step": 14000, "train_cross_entropy": 0.4493655860424042, "train_kl_nats": 2018.830078125, "kl_ema": 1991.1899129978387, "beta": 0.004476508299805445, "beta_at_floor": false, "held_out_kl_nats": 1813.876220703125, "held_out_kl_in_band": true, "eval_nll_per_free_token": 2.122500527257389, "eval_free_token_accuracy": 0.6513514412048272, "eval_pixel_error_mean": 0.08658720290986821, "learning_rate": 0.00016990882909255828, "elapsed_seconds": 1539.9245523689315}
{"kind": "train", "step": 14050, "cross_entropy": 0.3401748239994049, "kl_nats": 1989.282470703125, "free_tokens": 457.96875, "beta_used": 0.004485341759621251, "kl_ema": 1998.6591346760595, "beta_next": 0.004485311688525895}
{"kind": "train", "step": 14100, "cross_entropy": 0.40439826250076294, "kl_nats": 1921.5931396484375, "free_tokens": 398.78125, "beta_used": 0.00448051237460617, "kl_ema": 1975.2265670684621, "beta_next": 0.004479957420613112}
{"kind": "train", "step": 14150, "cross_entropy": 0.5553224682807922, "kl_nats": 2184.47119140625, "free_tokens": 494.09375, "beta_used": 0.004478924174308838, "kl_ema": 2002.8739800460844, "beta_next": 0.0044789885364648}
{"kind": "train", "step": 14200, "cross_entropy": 0.4086659848690033, "kl_nats": 1939.103515625, "free_tokens": 483.15625, "beta_used": 0.004473720692455552, "kl_ema": 1958.4872037013686, "beta_next": 0.004472792205540092}
{"kind": "train", "step": 14250, "cross_entropy": 0.3522424101829529, "kl_nats": 2074.4013671875, "free_tokens": 541.09375, "beta_used": 0.004444654703679368, "kl_ema": 2006.1807299191717, "beta_next": 0.004444792061853329}
{"kind": "train", "step": 14300, "cross_entropy": 0.29463711380958557, "kl_nats": 2104.68603515625, "free_tokens": 446.875, "beta_used": 0.004443198989902259, "kl_ema": 2022.1129056396483, "beta_next": 0.004443690277261244}
{"kind": "train", "step": 14350, "cross_entropy": 0.2096269130706787, "kl_nats": 1939.331298828125, "free_tokens": 499.78125, "beta_used": 0.004456291736789266, "kl_ema": 2011.2325353168642, "beta_next": 0.004456542021089096}
{"kind": "train", "step": 14400, "cross_entropy": 0.28488582372665405, "kl_nats": 2021.990234375, "free_tokens": 484.03125, "beta_used": 0.004447404423046245, "kl_ema": 2012.519253036867, "beta_next": 0.004447682822666191}
{"kind": "train", "step": 14450, "cross_entropy": 0.4176827371120453, "kl_nats": 2177.871337890625, "free_tokens": 472.375, "beta_used": 0.004441723391612123, "kl_ema": 1987.3929032164417, "beta_next": 0.00444144341425305}
{"kind": "train", "step": 14500, "cross_entropy": 0.3243483006954193, "kl_nats": 2023.6663818359375, "free_tokens": 485.25, "beta_used": 0.004422747276813196, "kl_ema": 1991.488340195202, "beta_next": 0.0044225590562172856}
{"kind": "train", "step": 14550, "cross_entropy": 0.3004544675350189, "kl_nats": 1953.336181640625, "free_tokens": 478.34375, "beta_used": 0.0044013898867544705, "kl_ema": 1995.7951809908507, "beta_next": 0.004401297352487888}
{"kind": "train", "step": 14600, "cross_entropy": 0.2979118227958679, "kl_nats": 2000.605224609375, "free_tokens": 534.40625, "beta_used": 0.0044156496112935295, "kl_ema": 1981.1947419454657, "beta_next": 0.004415234443660077}
{"kind": "train", "step": 14650, "cross_entropy": 0.30730363726615906, "kl_nats": 1870.5413818359375, "free_tokens": 440.71875, "beta_used": 0.004403943067579745, "kl_ema": 2003.9999182466647, "beta_next": 0.004404031145521668}
{"kind": "train", "step": 14700, "cross_entropy": 0.3070133328437805, "kl_nats": 2004.9697265625, "free_tokens": 455.1875, "beta_used": 0.004385209006216162, "kl_ema": 1974.2389893811878, "beta_next": 0.004384644205512663}
{"kind": "train", "step": 14750, "cross_entropy": 0.30874794721603394, "kl_nats": 2113.6650390625, "free_tokens": 499.125, "beta_used": 0.004356310212850641, "kl_ema": 2016.4819632854296, "beta_next": 0.004356669230368661}
{"kind": "train", "step": 14800, "cross_entropy": 0.34787651896476746, "kl_nats": 1825.83544921875, "free_tokens": 443.5, "beta_used": 0.004360625252691491, "kl_ema": 1938.6043989544203, "beta_next": 0.004359286842091692}
{"kind": "train", "step": 14850, "cross_entropy": 0.4079192578792572, "kl_nats": 2127.7666015625, "free_tokens": 488.25, "beta_used": 0.004322304802314272, "kl_ema": 2035.0122077659423, "beta_next": 0.004323061535718439}
{"kind": "train", "step": 14900, "cross_entropy": 0.39156851172447205, "kl_nats": 2005.6285400390625, "free_tokens": 417.28125, "beta_used": 0.004326107533258842, "kl_ema": 2028.6877184884415, "beta_next": 0.004326728108540323}
{"kind": "train", "step": 14950, "cross_entropy": 0.3625415861606598, "kl_nats": 1879.4056396484375, "free_tokens": 430.46875, "beta_used": 0.004339608577491012, "kl_ema": 1988.9553327868184, "beta_next": 0.004339368936445093}
{"kind": "train", "step": 15000, "cross_entropy": 0.36664173007011414, "kl_nats": 2072.900390625, "free_tokens": 508.125, "beta_used": 0.004350379037373684, "kl_ema": 2048.468532893412, "beta_next": 0.00435143344758017}
{"kind": "train", "step": 15050, "cross_entropy": 0.38181397318840027, "kl_nats": 1984.87353515625, "free_tokens": 481.21875, "beta_used": 0.004341796606217063, "kl_ema": 1944.4667784551993, "beta_next": 0.004340591203810326}
{"kind": "train", "step": 15100, "cross_entropy": 0.34956881403923035, "kl_nats": 2104.5341796875, "free_tokens": 428.53125, "beta_used": 0.004352344182639989, "kl_ema": 2026.3337190976106, "beta_next": 0.00435291728741472}
{"kind": "train", "step": 15150, "cross_entropy": 0.4258860945701599, "kl_nats": 2021.6083984375, "free_tokens": 458.5625, "beta_used": 0.004366445346572653, "kl_ema": 2004.3320700248667, "beta_next": 0.0043665399263319695}
{"kind": "train", "step": 15200, "cross_entropy": 0.2722443640232086, "kl_nats": 1882.6248779296875, "free_tokens": 447.5625, "beta_used": 0.0043559181649449824, "kl_ema": 1931.499066657019, "beta_next": 0.004354426498111671}
{"kind": "train", "step": 15250, "cross_entropy": 0.3679082691669464, "kl_nats": 1883.8201904296875, "free_tokens": 400.84375, "beta_used": 0.004319995714984406, "kl_ema": 1989.5143153683628, "beta_next": 0.004319769230358186}
{"kind": "train", "step": 15300, "cross_entropy": 0.38844195008277893, "kl_nats": 2031.5748291015625, "free_tokens": 464.4375, "beta_used": 0.0043157199510106105, "kl_ema": 2041.8051201345932, "beta_next": 0.004316622141252849}
{"kind": "train", "step": 15350, "cross_entropy": 0.2751905024051666, "kl_nats": 1921.2550048828125, "free_tokens": 436.90625, "beta_used": 0.004319964227901569, "kl_ema": 1956.1449040289347, "beta_next": 0.004319017069520637}
{"kind": "train", "step": 15400, "cross_entropy": 0.31124284863471985, "kl_nats": 2125.035400390625, "free_tokens": 496.5, "beta_used": 0.0043062869669913606, "kl_ema": 2061.0345618768865, "beta_next": 0.004307601329226701}
{"kind": "train", "step": 15450, "cross_entropy": 0.30847856402397156, "kl_nats": 2089.6923828125, "free_tokens": 518.3125, "beta_used": 0.004306089375635972, "kl_ema": 1975.5812990736442, "beta_next": 0.004305563662186595}
{"kind": "train", "step": 15500, "cross_entropy": 0.32489100098609924, "kl_nats": 2074.29052734375, "free_tokens": 432.90625, "beta_used": 0.004288845915773512, "kl_ema": 2023.8595536394723, "beta_next": 0.004289357596039957}
{"kind": "train", "step": 15550, "cross_entropy": 0.4285756051540375, "kl_nats": 1991.7384033203125, "free_tokens": 457.0625, "beta_used": 0.00431389159230674, "kl_ema": 1993.4656637125483, "beta_next": 0.004313750652517263}
{"kind": "train", "step": 15600, "cross_entropy": 0.271504670381546, "kl_nats": 2015.42236328125, "free_tokens": 429.59375, "beta_used": 0.004315052898565672, "kl_ema": 1979.5522549432696, "beta_next": 0.004314611755609121}
{"kind": "train", "step": 15650, "cross_entropy": 0.3318459093570709, "kl_nats": 1853.6435546875, "free_tokens": 404.625, "beta_used": 0.004298642820567049, "kl_ema": 1971.5879150167207, "beta_next": 0.004298032196915152}
{"kind": "train", "step": 15700, "cross_entropy": 0.24292363226413727, "kl_nats": 2002.4384765625, "free_tokens": 495.84375, "beta_used": 0.004291605062528263, "kl_ema": 1972.5358193516884, "beta_next": 0.0042910157759063336}
{"kind": "train", "step": 15750, "cross_entropy": 0.39722388982772827, "kl_nats": 2082.199951171875, "free_tokens": 525.5, "beta_used": 0.004297067186114775, "kl_ema": 2006.2522583187756, "beta_next": 0.004297201520084794}
{"kind": "train", "step": 15800, "cross_entropy": 0.3766913414001465, "kl_nats": 2103.111328125, "free_tokens": 536.0, "beta_used": 0.004297305869274271, "kl_ema": 2030.046272262828, "beta_next": 0.004297951507881363}
{"kind": "train", "step": 15850, "cross_entropy": 0.39242100715637207, "kl_nats": 2068.5537109375, "free_tokens": 465.875, "beta_used": 0.004304089616836808, "kl_ema": 2013.8604718764097, "beta_next": 0.004304387910738362}
{"kind": "train", "step": 15900, "cross_entropy": 0.2426622360944748, "kl_nats": 2022.48486328125, "free_tokens": 509.90625, "beta_used": 0.004277071274218984, "kl_ema": 1978.6336750028079, "beta_next": 0.0042766143721508065}
{"kind": "train", "step": 15950, "cross_entropy": 0.2873055934906006, "kl_nats": 2066.398681640625, "free_tokens": 531.40625, "beta_used": 0.00426492407939453, "kl_ema": 1992.885712220922, "beta_next": 0.004264772372606475}
{"kind": "train", "step": 16000, "cross_entropy": 0.30783891677856445, "kl_nats": 2095.536865234375, "free_tokens": 463.40625, "beta_used": 0.0042549314277241, "kl_ema": 2002.010823990186, "beta_next": 0.004254974207530114}
{"kind": "eval", "step": 16000, "train_cross_entropy": 0.30783891677856445, "train_kl_nats": 2095.536865234375, "kl_ema": 2002.010823990186, "beta": 0.004254974207530114, "beta_at_floor": false, "held_out_kl_nats": 1883.1561279296875, "held_out_kl_in_band": true, "eval_nll_per_free_token": 2.0953952768127264, "eval_free_token_accuracy": 0.6523488147877257, "eval_pixel_error_mean": 0.08867593691684306, "learning_rate": 0.0001380320841670375, "elapsed_seconds": 1789.302137622959}
{"kind": "train", "step": 16050, "cross_entropy": 0.33446410298347473, "kl_nats": 2078.27001953125, "free_tokens": 498.15625, "beta_used": 0.004257515120406947, "kl_ema": 2071.4196447194718, "beta_next": 0.004259035742983035}
{"kind": "train", "step": 16100, "cross_entropy": 0.28402501344680786, "kl_nats": 1750.486328125, "free_tokens": 414.125, "beta_used": 0.004279255272054344, "kl_ema": 1951.048573820631, "beta_next": 0.004278208021977771}
{"kind": "train", "step": 16150, "cross_entropy": 0.44566091895103455, "kl_nats": 1877.1181640625, "free_tokens": 394.625, "beta_used": 0.004245988975521176, "kl_ema": 1946.3196124220576, "beta_next": 0.004244849496777881}
{"kind": "train", "step": 16200, "cross_entropy": 0.3848191797733307, "kl_nats": 2097.834716796875, "free_tokens": 514.59375, "beta_used": 0.004227229592960994, "kl_ema": 1957.6009113214532, "beta_next": 0.00422633353453262}
{"kind": "train", "step": 16250, "cross_entropy": 0.27609264850616455, "kl_nats": 1854.2598876953125, "free_tokens": 453.59375, "beta_used": 0.004220994679754231, "kl_ema": 1972.06174891751, "beta_next": 0.004220405084889908}
{"kind": "train", "step": 16300, "cross_entropy": 0.3453311324119568, "kl_nats": 1989.82421875, "free_tokens": 478.125, "beta_used": 0.00421762540345797, "kl_ema": 2018.920642017189, "beta_next": 0.004218024423234056}
{"kind": "train", "step": 16350, "cross_entropy": 0.3356066346168518, "kl_nats": 1994.7059326171875, "free_tokens": 443.28125, "beta_used": 0.0042150411075391235, "kl_ema": 1969.5554478807494, "beta_next": 0.004214399531178207}
{"kind": "train", "step": 16400, "cross_entropy": 0.20721851289272308, "kl_nats": 2144.8623046875, "free_tokens": 477.15625, "beta_used": 0.0042085303998951815, "kl_ema": 2003.9565281256494, "beta_next": 0.004208613656563169}
{"kind": "train", "step": 16450, "cross_entropy": 0.34339138865470886, "kl_nats": 2177.521484375, "free_tokens": 523.96875, "beta_used": 0.004209130141553085, "kl_ema": 2023.9239412515067, "beta_next": 0.004209633666579375}
{"kind": "train", "step": 16500, "cross_entropy": 0.3234459459781647, "kl_nats": 2076.87890625, "free_tokens": 507.53125, "beta_used": 0.004222898339370649, "kl_ema": 2008.0986222289916, "beta_next": 0.004223069341124632}
{"kind": "train", "step": 16550, "cross_entropy": 0.182028129696846, "kl_nats": 1911.015380859375, "free_tokens": 493.53125, "beta_used": 0.00420730606418648, "kl_ema": 1983.4364206701325, "beta_next": 0.004206957638375831}
{"kind": "train", "step": 16600, "cross_entropy": 0.4408377408981323, "kl_nats": 2025.8614501953125, "free_tokens": 483.15625, "beta_used": 0.00418562785432063, "kl_ema": 2014.279461625496, "beta_next": 0.004185926707550785}
{"kind": "train", "step": 16650, "cross_entropy": 0.4794682562351227, "kl_nats": 2081.96826171875, "free_tokens": 456.625, "beta_used": 0.004206232776758773, "kl_ema": 2005.9985981769755, "beta_next": 0.004206358936152044}
{"kind": "train", "step": 16700, "cross_entropy": 0.2881520688533783, "kl_nats": 1889.44921875, "free_tokens": 501.65625, "beta_used": 0.004219729895263009, "kl_ema": 1983.8459277967413, "beta_next": 0.004219389079920051}
{"kind": "train", "step": 16750, "cross_entropy": 0.3518412411212921, "kl_nats": 1996.8482666015625, "free_tokens": 474.875, "beta_used": 0.004240820933451182, "kl_ema": 2051.7857658455514, "beta_next": 0.004241919146423807}
{"kind": "train", "step": 16800, "cross_entropy": 0.2595669627189636, "kl_nats": 2029.945556640625, "free_tokens": 445.09375, "beta_used": 0.0042279542653878175, "kl_ema": 2031.7688893213506, "beta_next": 0.004228625905785144}
{"kind": "train", "step": 16850, "cross_entropy": 0.30049052834510803, "kl_nats": 1978.8388671875, "free_tokens": 472.6875, "beta_used": 0.0042302814026079225, "kl_ema": 1997.4551337613111, "beta_next": 0.004230227575448773}
{"kind": "train", "step": 16900, "cross_entropy": 0.32401910424232483, "kl_nats": 1943.66064453125, "free_tokens": 463.46875, "beta_used": 0.004232807007714286, "kl_ema": 1985.6244434999933, "beta_next": 0.004232502773866779}
{"kind": "train", "step": 16950, "cross_entropy": 0.527947723865509, "kl_nats": 2047.869140625, "free_tokens": 408.71875, "beta_used": 0.004244243938881155, "kl_ema": 1982.4412285374767, "beta_next": 0.004243871336690715}
{"kind": "train", "step": 17000, "cross_entropy": 0.3074307143688202, "kl_nats": 1978.8468017578125, "free_tokens": 456.4375, "beta_used": 0.004237456453431015, "kl_ema": 1959.614648701989, "beta_next": 0.004236600883977695}
{"kind": "train", "step": 17050, "cross_entropy": 0.2525017261505127, "kl_nats": 2090.44970703125, "free_tokens": 492.78125, "beta_used": 0.004221983068469224, "kl_ema": 2021.2238086504005, "beta_next": 0.0042224311250463244}
{"kind": "train", "step": 17100, "cross_entropy": 0.2743070721626282, "kl_nats": 1964.3934326171875, "free_tokens": 448.9375, "beta_used": 0.004216478038043055, "kl_ema": 2005.9553586049174, "beta_next": 0.0042166035931061885}
{"kind": "train", "step": 17150, "cross_entropy": 0.250370591878891, "kl_nats": 2075.417724609375, "free_tokens": 476.4375, "beta_used": 0.004215283203070954, "kl_ema": 2006.4183432972507, "beta_next": 0.004215418480915053}
{"kind": "train", "step": 17200, "cross_entropy": 0.4593573808670044, "kl_nats": 2011.837646484375, "free_tokens": 452.53125, "beta_used": 0.004214636417270766, "kl_ema": 1980.7984405258567, "beta_next": 0.004214231798735203}
{"kind": "train", "step": 17250, "cross_entropy": 0.25202661752700806, "kl_nats": 1899.992919921875, "free_tokens": 441.21875, "beta_used": 0.004234178021757015, "kl_ema": 2013.1892399606006, "beta_next": 0.004234457258914054}
{"kind": "train", "step": 17300, "cross_entropy": 0.3741198480129242, "kl_nats": 1921.8707275390625, "free_tokens": 410.28125, "beta_used": 0.004250484646369617, "kl_ema": 1976.8993117833559, "beta_next": 0.00424999372911855}
{"kind": "train", "step": 17350, "cross_entropy": 0.3681008517742157, "kl_nats": 1857.3330078125, "free_tokens": 433.03125, "beta_used": 0.004233713274983418, "kl_ema": 1991.2531311623677, "beta_next": 0.004233528120358695}
{"kind": "train", "step": 17400, "cross_entropy": 0.3864418566226959, "kl_nats": 2049.57421875, "free_tokens": 484.9375, "beta_used": 0.004226913757617157, "kl_ema": 2002.2451106547783, "beta_next": 0.00422696120732905}
{"kind": "train", "step": 17450, "cross_entropy": 0.2815612554550171, "kl_nats": 1822.319580078125, "free_tokens": 408.1875, "beta_used": 0.004223497206475958, "kl_ema": 1983.6692158318408, "beta_next": 0.0042231523554488}
{"kind": "train", "step": 17500, "cross_entropy": 0.35568439960479736, "kl_nats": 2044.07080078125, "free_tokens": 484.78125, "beta_used": 0.00422058023222537, "kl_ema": 2057.4611234305025, "beta_next": 0.004221793002843293}
{"kind": "train", "step": 17550, "cross_entropy": 0.3747367560863495, "kl_nats": 2238.3447265625, "free_tokens": 525.75, "beta_used": 0.004239206600623303, "kl_ema": 2038.2851988786356, "beta_next": 0.004240018172637779}
{"kind": "train", "step": 17600, "cross_entropy": 0.2984929382801056, "kl_nats": 2187.501220703125, "free_tokens": 536.4375, "beta_used": 0.004247338991767676, "kl_ema": 2027.2125684062262, "beta_next": 0.00424791693609945}
{"kind": "train", "step": 17650, "cross_entropy": 0.42505693435668945, "kl_nats": 1998.805419921875, "free_tokens": 418.34375, "beta_used": 0.004246125230657494, "kl_ema": 2015.0259608914582, "beta_next": 0.004246444253199676}
{"kind": "train", "step": 17700, "cross_entropy": 0.3147428631782532, "kl_nats": 1951.3079833984375, "free_tokens": 435.40625, "beta_used": 0.004243185583884256, "kl_ema": 1984.3475073299226, "beta_next": 0.004242853514722455}
{"kind": "train", "step": 17750, "cross_entropy": 0.25502073764801025, "kl_nats": 1893.872314453125, "free_tokens": 473.75, "beta_used": 0.004219674076437602, "kl_ema": 1943.1549975122218, "beta_next": 0.004218474909945368}
{"kind": "train", "step": 17800, "cross_entropy": 0.32168257236480713, "kl_nats": 2066.263671875, "free_tokens": 538.125, "beta_used": 0.004200752599941051, "kl_ema": 2039.6906500498567, "beta_next": 0.004201586335674049}
{"kind": "train", "step": 17850, "cross_entropy": 0.35261040925979614, "kl_nats": 1962.0867919921875, "free_tokens": 408.46875, "beta_used": 0.0042057940147379085, "kl_ema": 1988.0981253595028, "beta_next": 0.004205543738019252}
{"kind": "train", "step": 17900, "cross_entropy": 0.4026857614517212, "kl_nats": 1941.529296875, "free_tokens": 426.21875, "beta_used": 0.0041999861388459705, "kl_ema": 2010.3277781207153, "beta_next": 0.004200203027070617}
{"kind": "train", "step": 17950, "cross_entropy": 0.26136964559555054, "kl_nats": 1818.205078125, "free_tokens": 429.90625, "beta_used": 0.004193201246636032, "kl_ema": 1984.8354569127266, "beta_next": 0.00419288331878437}
{"kind": "train", "step": 18000, "cross_entropy": 0.2552352547645569, "kl_nats": 1970.8138427734375, "free_tokens": 454.09375, "beta_used": 0.00418639015480727, "kl_ema": 1951.803403317006, "beta_next": 0.004185381427565956}
{"kind": "eval", "step": 18000, "train_cross_entropy": 0.2552352547645569, "train_kl_nats": 1970.8138427734375, "kl_ema": 1951.803403317006, "beta": 0.004185381427565956, "beta_at_floor": false, "held_out_kl_nats": 1834.573486328125, "held_out_kl_in_band": true, "eval_nll_per_free_token": 2.1078504988945777, "eval_free_token_accuracy": 0.6498886266165763, "eval_pixel_error_mean": 0.08057898696279153, "learning_rate": 0.00010669620789905688, "elapsed_seconds": 2038.7350567649119}
{"kind": "train", "step": 18050, "cross_entropy": 0.45796602964401245, "kl_nats": 2024.34521484375, "free_tokens": 452.5625, "beta_used": 0.004180713976008389, "kl_ema": 2007.1775505919404, "beta_next": 0.004180864015131022}
{"kind": "train", "step": 18100, "cross_entropy": 0.3459838628768921, "kl_nats": 1885.972900390625, "free_tokens": 458.28125, "beta_used": 0.004148256359176706, "kl_ema": 1954.731512000915, "beta_next": 0.004147317538962082}
{"kind": "train", "step": 18150, "cross_entropy": 0.3176369369029999, "kl_nats": 1941.7451171875, "free_tokens": 424.65625, "beta_used": 0.0041412068032193675, "kl_ema": 2021.9536074762823, "beta_next": 0.004141661400312206}
{"kind": "train", "step": 18200, "cross_entropy": 0.32810163497924805, "kl_nats": 2051.890625, "free_tokens": 516.96875, "beta_used": 0.004145259026057566, "kl_ema": 1959.7726735940532, "beta_next": 0.004144425346462737}
{"kind": "train", "step": 18250, "cross_entropy": 0.3201529085636139, "kl_nats": 2185.755859375, "free_tokens": 512.21875, "beta_used": 0.00415437972931538, "kl_ema": 2034.1997382055285, "beta_next": 0.004155090183552765}
{"kind": "train", "step": 18300, "cross_entropy": 0.2723005712032318, "kl_nats": 2019.5032958984375, "free_tokens": 433.125, "beta_used": 0.004150675606273895, "kl_ema": 1992.0895315331013, "beta_next": 0.004150511440577986}
{"kind": "train", "step": 18350, "cross_entropy": 0.32770848274230957, "kl_nats": 2017.007080078125, "free_tokens": 455.65625, "beta_used": 0.0041735533447010715, "kl_ema": 1998.506884280155, "beta_next": 0.004173522186826846}
{"kind": "train", "step": 18400, "cross_entropy": 0.4095265865325928, "kl_nats": 2014.787109375, "free_tokens": 436.4375, "beta_used": 0.0041840133205799665, "kl_ema": 1998.1472894662104, "beta_next": 0.004183974561931725}
{"kind": "train", "step": 18450, "cross_entropy": 0.46970146894454956, "kl_nats": 1971.357666015625, "free_tokens": 416.0, "beta_used": 0.004172852798952398, "kl_ema": 1982.9121985031245, "beta_next": 0.0041724962897809895}
{"kind": "train", "step": 18500, "cross_entropy": 0.4339367151260376, "kl_nats": 2109.53369140625, "free_tokens": 477.25, "beta_used": 0.004173438825332693, "kl_ema": 1995.8058974693704, "beta_next": 0.004173351307098652}
{"kind": "train", "step": 18550, "cross_entropy": 0.3579317629337311, "kl_nats": 2135.844482421875, "free_tokens": 485.40625, "beta_used": 0.004172730064420166, "kl_ema": 2047.8370073989324, "beta_next": 0.00417372823838437}
{"kind": "train", "step": 18600, "cross_entropy": 0.33403581380844116, "kl_nats": 1872.6357421875, "free_tokens": 461.8125, "beta_used": 0.00418673508719941, "kl_ema": 1999.831572723269, "beta_next": 0.004186731561398948}
{"kind": "train", "step": 18650, "cross_entropy": 0.3321495056152344, "kl_nats": 2067.06689453125, "free_tokens": 545.1875, "beta_used": 0.004183849459586448, "kl_ema": 1995.9897441389273, "beta_next": 0.004183765568893423}
{"kind": "train", "step": 18700, "cross_entropy": 0.2918742001056671, "kl_nats": 2014.3262939453125, "free_tokens": 453.6875, "beta_used": 0.004174788483398119, "kl_ema": 1980.2288549643429, "beta_next": 0.0041743758020534195}
{"kind": "train", "step": 18750, "cross_entropy": 0.27390605211257935, "kl_nats": 2009.697509765625, "free_tokens": 468.0, "beta_used": 0.004176609469625919, "kl_ema": 1998.7942835708361, "beta_next": 0.004176584290668538}
{"kind": "train", "step": 18800, "cross_entropy": 0.32010617852211, "kl_nats": 1937.3681640625, "free_tokens": 440.0625, "beta_used": 0.004183567628843143, "kl_ema": 1974.166818638957, "beta_next": 0.00418302728943415}
{"kind": "train", "step": 18850, "cross_entropy": 0.3463139832019806, "kl_nats": 1937.9686279296875, "free_tokens": 519.84375, "beta_used": 0.004178520584320532, "kl_ema": 1984.9344881808756, "beta_next": 0.004178205838418955}
{"kind": "train", "step": 18900, "cross_entropy": 0.2989857792854309, "kl_nats": 1892.4451904296875, "free_tokens": 443.96875, "beta_used": 0.0041784833307795324, "kl_ema": 1969.102093125613, "beta_next": 0.004177837848696775}
{"kind": "train", "step": 18950, "cross_entropy": 0.24477799236774445, "kl_nats": 2018.0938720703125, "free_tokens": 459.125, "beta_used": 0.004179976818258543, "kl_ema": 2011.5173424489208, "beta_next": 0.0041802175363117805}
{"kind": "train", "step": 19000, "cross_entropy": 0.3542720675468445, "kl_nats": 2099.90087890625, "free_tokens": 472.375, "beta_used": 0.00417808010625249, "kl_ema": 2033.4660039699875, "beta_next": 0.004178779282974599}
{"kind": "train", "step": 19050, "cross_entropy": 0.2859208881855011, "kl_nats": 1894.26513671875, "free_tokens": 447.5, "beta_used": 0.004189321749462267, "kl_ema": 1967.0981493562847, "beta_next": 0.004188632623955084}
{"kind": "train", "step": 19100, "cross_entropy": 0.33845436573028564, "kl_nats": 2008.4375, "free_tokens": 445.8125, "beta_used": 0.00416431222750538, "kl_ema": 1991.5780563385456, "beta_next": 0.004164136873182624}
{"kind": "train", "step": 19150, "cross_entropy": 0.20827455818653107, "kl_nats": 1908.0845947265625, "free_tokens": 494.625, "beta_used": 0.004171050063914712, "kl_ema": 2017.8480911678928, "beta_next": 0.004171422306933065}
{"kind": "train", "step": 19200, "cross_entropy": 0.26460936665534973, "kl_nats": 2145.443603515625, "free_tokens": 554.75, "beta_used": 0.004168375304533753, "kl_ema": 1992.7695255029425, "beta_next": 0.004168224610601074}
{"kind": "train", "step": 19250, "cross_entropy": 0.41917237639427185, "kl_nats": 1999.337890625, "free_tokens": 482.78125, "beta_used": 0.004140042625530994, "kl_ema": 2006.8978385072119, "beta_next": 0.00414018541472054}
{"kind": "train", "step": 19300, "cross_entropy": 0.3756934404373169, "kl_nats": 1943.03955078125, "free_tokens": 470.9375, "beta_used": 0.004140131872551744, "kl_ema": 1997.7756747334322, "beta_next": 0.004140085827808136}
{"kind": "train", "step": 19350, "cross_entropy": 0.31143826246261597, "kl_nats": 2011.9234619140625, "free_tokens": 525.34375, "beta_used": 0.004116992466689262, "kl_ema": 1984.921399069551, "beta_next": 0.004116682085957481}
{"kind": "train", "step": 19400, "cross_entropy": 0.4045657813549042, "kl_nats": 1979.948974609375, "free_tokens": 414.78125, "beta_used": 0.004130319107583682, "kl_ema": 1974.8302700846427, "beta_next": 0.004129799345208053}
{"kind": "train", "step": 19450, "cross_entropy": 0.3629266917705536, "kl_nats": 1874.782470703125, "free_tokens": 426.65625, "beta_used": 0.004135351210978432, "kl_ema": 2001.9414329361548, "beta_next": 0.0041353913537084865}
{"kind": "train", "step": 19500, "cross_entropy": 0.2259853482246399, "kl_nats": 2142.4501953125, "free_tokens": 558.9375, "beta_used": 0.004136840435692077, "kl_ema": 2031.2749387885603, "beta_next": 0.004137487383430908}
{"kind": "train", "step": 19550, "cross_entropy": 0.37679600715637207, "kl_nats": 1978.333251953125, "free_tokens": 424.03125, "beta_used": 0.004158080598151719, "kl_ema": 2026.086113698043, "beta_next": 0.0041586229743384145}
{"kind": "train", "step": 19600, "cross_entropy": 0.2973196804523468, "kl_nats": 2051.9326171875, "free_tokens": 479.3125, "beta_used": 0.0041449422497966066, "kl_ema": 2023.0802854083138, "beta_next": 0.004145420609648414}
{"kind": "train", "step": 19650, "cross_entropy": 0.26006880402565, "kl_nats": 1921.982177734375, "free_tokens": 451.59375, "beta_used": 0.00416727468185954, "kl_ema": 1987.8954308814061, "beta_next": 0.0041670224741696665}
{"kind": "train", "step": 19700, "cross_entropy": 0.3364214301109314, "kl_nats": 2031.1005859375, "free_tokens": 497.84375, "beta_used": 0.004159173508129376, "kl_ema": 1992.8197135461637, "beta_next": 0.004159024190523754}
{"kind": "train", "step": 19750, "cross_entropy": 0.45226553082466125, "kl_nats": 2006.13525390625, "free_tokens": 464.625, "beta_used": 0.0041624632861695056, "kl_ema": 2010.2756748600973, "beta_next": 0.004162677152260235}
{"kind": "train", "step": 19800, "cross_entropy": 0.282352477312088, "kl_nats": 2022.156494140625, "free_tokens": 456.53125, "beta_used": 0.004165428711240713, "kl_ema": 1991.268087974631, "beta_next": 0.004165246854425361}
{"kind": "train", "step": 19850, "cross_entropy": 0.38296306133270264, "kl_nats": 1921.654541015625, "free_tokens": 401.96875, "beta_used": 0.004172384213400701, "kl_ema": 1956.0005836833172, "beta_next": 0.0041714664020121245}
{"kind": "train", "step": 19900, "cross_entropy": 0.3972741961479187, "kl_nats": 1867.171630859375, "free_tokens": 384.3125, "beta_used": 0.004177305505025323, "kl_ema": 2013.9506439552385, "beta_next": 0.004177596895696888}
{"kind": "train", "step": 19950, "cross_entropy": 0.23748059570789337, "kl_nats": 1862.3321533203125, "free_tokens": 439.4375, "beta_used": 0.004176781494532094, "kl_ema": 2002.8435691474263, "beta_next": 0.004176840879789225}
{"kind": "train", "step": 20000, "cross_entropy": 0.3737245500087738, "kl_nats": 1990.410400390625, "free_tokens": 427.375, "beta_used": 0.004158605403677713, "kl_ema": 1955.6333304922944, "beta_next": 0.004157682988634915}
{"kind": "eval", "step": 20000, "train_cross_entropy": 0.3737245500087738, "train_kl_nats": 1990.410400390625, "kl_ema": 1955.6333304922944, "beta": 0.004157682988634915, "beta_at_floor": false, "held_out_kl_nats": 1842.0670166015625, "held_out_kl_in_band": true, "eval_nll_per_free_token": 2.1202539692351805, "eval_free_token_accuracy": 0.6552744439642275, "eval_pixel_error_mean": 0.08583329156817854, "learning_rate": 7.731736945010247e-05, "elapsed_seconds": 2277.8942589670187}
{"kind": "train", "step": 20050, "cross_entropy": 0.3028320372104645, "kl_nats": 2165.26123046875, "free_tokens": 545.59375, "beta_used": 0.004138376576389652, "kl_ema": 2002.4295016852725, "beta_next": 0.004138426847659322}
{"kind": "train", "step": 20100, "cross_entropy": 0.30088314414024353, "kl_nats": 1966.492919921875, "free_tokens": 419.3125, "beta_used": 0.0041375968333646615, "kl_ema": 2003.7918490843226, "beta_next": 0.004137675279822121}
{"kind": "train", "step": 20150, "cross_entropy": 0.22622491419315338, "kl_nats": 1928.0556640625, "free_tokens": 495.96875, "beta_used": 0.0041619436987491085, "kl_ema": 2032.1772882780192, "beta_next": 0.004162613352927759}
{"kind": "train", "step": 20200, "cross_entropy": 0.30419450998306274, "kl_nats": 2015.4407958984375, "free_tokens": 500.0625, "beta_used": 0.004194653434938341, "kl_ema": 1947.7692336788912, "beta_next": 0.004193558128149558}
{"kind": "train", "step": 20250, "cross_entropy": 0.2650836110115051, "kl_nats": 1975.6983642578125, "free_tokens": 489.0, "beta_used": 0.0041827619793602935, "kl_ema": 1996.8033768844857, "beta_next": 0.004182695126326404}
{"kind": "train", "step": 20300, "cross_entropy": 0.271178275346756, "kl_nats": 1999.35302734375, "free_tokens": 500.0625, "beta_used": 0.004172953486224509, "kl_ema": 1954.5635452355505, "beta_next": 0.004172005572841589}
{"kind": "train", "step": 20350, "cross_entropy": 0.2454322725534439, "kl_nats": 1944.73779296875, "free_tokens": 489.4375, "beta_used": 0.004151810151412915, "kl_ema": 1976.2368111817407, "beta_next": 0.004151316879474952}
{"kind": "train", "step": 20400, "cross_entropy": 0.4508739709854126, "kl_nats": 2022.370849609375, "free_tokens": 506.1875, "beta_used": 0.004136187421284712, "kl_ema": 2013.1986992464779, "beta_next": 0.004136460391760753}
{"kind": "train", "step": 20450, "cross_entropy": 0.27566155791282654, "kl_nats": 1999.97021484375, "free_tokens": 486.0625, "beta_used": 0.004131379455693744, "kl_ema": 1977.5514485500803, "beta_next": 0.004130915764295881}
{"kind": "train", "step": 20500, "cross_entropy": 0.2885163128376007, "kl_nats": 2085.7060546875, "free_tokens": 498.9375, "beta_used": 0.004118835409569181, "kl_ema": 2007.4383156491126, "beta_next": 0.004118988598407246}
{"kind": "train", "step": 20550, "cross_entropy": 0.3321782648563385, "kl_nats": 1896.419677734375, "free_tokens": 393.4375, "beta_used": 0.0041092893649665955, "kl_ema": 2008.7885373021088, "beta_next": 0.004109469942148437}
{"kind": "train", "step": 20600, "cross_entropy": 0.3312223553657532, "kl_nats": 2033.93115234375, "free_tokens": 525.40625, "beta_used": 0.0041114481232623675, "kl_ema": 1971.3184962543737, "beta_next": 0.004110858552964046}
{"kind": "train", "step": 20650, "cross_entropy": 0.2631760537624359, "kl_nats": 1976.451171875, "free_tokens": 435.0, "beta_used": 0.0040862214903252215, "kl_ema": 1986.3019212984634, "beta_next": 0.004085941632991268}
{"kind": "train", "step": 20700, "cross_entropy": 0.3671036660671234, "kl_nats": 1866.7685546875, "free_tokens": 429.84375, "beta_used": 0.00410175612619398, "kl_ema": 2026.6239624020386, "beta_next": 0.004102302187543396}
{"kind": "train", "step": 20750, "cross_entropy": 0.2882016897201538, "kl_nats": 2031.6607666015625, "free_tokens": 436.90625, "beta_used": 0.004099097735856974, "kl_ema": 2018.6284319353683, "beta_next": 0.004099479552454152}
{"kind": "train", "step": 20800, "cross_entropy": 0.47581806778907776, "kl_nats": 1930.7265625, "free_tokens": 431.5, "beta_used": 0.004104735145099178, "kl_ema": 2009.389569853989, "beta_next": 0.004104927858109756}
{"kind": "train", "step": 20850, "cross_entropy": 0.3610021471977234, "kl_nats": 2099.4443359375, "free_tokens": 486.21875, "beta_used": 0.00408719582608312, "kl_ema": 2038.4949341653526, "beta_next": 0.004087982583467354}
{"kind": "train", "step": 20900, "cross_entropy": 0.360307902097702, "kl_nats": 1987.914306640625, "free_tokens": 426.6875, "beta_used": 0.004099306988168382, "kl_ema": 2036.6523023444167, "beta_next": 0.004100058302205418}
{"kind": "train", "step": 20950, "cross_entropy": 0.21853098273277283, "kl_nats": 2079.384033203125, "free_tokens": 554.625, "beta_used": 0.004111282660869548, "kl_ema": 2051.9325661312696, "beta_next": 0.00411235034677607}
{"kind": "train", "step": 21000, "cross_entropy": 0.2538308799266815, "kl_nats": 2020.9073486328125, "free_tokens": 506.8125, "beta_used": 0.004141455638992581, "kl_ema": 2003.4226528652957, "beta_next": 0.004141526513424072}
{"kind": "train", "step": 21050, "cross_entropy": 0.33002182841300964, "kl_nats": 2067.99560546875, "free_tokens": 517.53125, "beta_used": 0.004132064850801944, "kl_ema": 2003.6826287133601, "beta_next": 0.004132140935805751}
{"kind": "train", "step": 21100, "cross_entropy": 0.2612716555595398, "kl_nats": 2017.6878662109375, "free_tokens": 420.8125, "beta_used": 0.004131253668480459, "kl_ema": 1971.8858573449593, "beta_next": 0.004130672976020694}
{"kind": "train", "step": 21150, "cross_entropy": 0.3297983407974243, "kl_nats": 2110.46533203125, "free_tokens": 535.78125, "beta_used": 0.00411584919543261, "kl_ema": 1977.5468248444945, "beta_next": 0.0041153871519544576}
{"kind": "train", "step": 21200, "cross_entropy": 0.39517292380332947, "kl_nats": 2019.507080078125, "free_tokens": 491.5625, "beta_used": 0.004103100629948365, "kl_ema": 2029.8148951621974, "beta_next": 0.004103712343118251}
{"kind": "train", "step": 21250, "cross_entropy": 0.19213317334651947, "kl_nats": 1772.840087890625, "free_tokens": 402.5, "beta_used": 0.004090452792044176, "kl_ema": 1940.5938504107603, "beta_next": 0.004089237982218784}
{"kind": "train", "step": 21300, "cross_entropy": 0.20780573785305023, "kl_nats": 1961.222900390625, "free_tokens": 478.25, "beta_used": 0.00407946842214055, "kl_ema": 1995.261519974756, "beta_next": 0.004079371770887345}
{"kind": "train", "step": 21350, "cross_entropy": 0.26721465587615967, "kl_nats": 2039.22705078125, "free_tokens": 507.46875, "beta_used": 0.004051217157209141, "kl_ema": 1976.1869251100563, "beta_next": 0.0040507348262363695}
{"kind": "train", "step": 21400, "cross_entropy": 0.24041937291622162, "kl_nats": 2057.205078125, "free_tokens": 507.5, "beta_used": 0.004053729689560408, "kl_ema": 2007.4419842041298, "beta_next": 0.004053880531328384}
{"kind": "train", "step": 21450, "cross_entropy": 0.31252792477607727, "kl_nats": 1887.704833984375, "free_tokens": 418.75, "beta_used": 0.004059136855725575, "kl_ema": 2000.3961768705356, "beta_next": 0.004059144896414221}
{"kind": "train", "step": 21500, "cross_entropy": 0.28200259804725647, "kl_nats": 2123.394775390625, "free_tokens": 510.1875, "beta_used": 0.00406327964692653, "kl_ema": 1992.127049816982, "beta_next": 0.0040631197000834856}
{"kind": "train", "step": 21550, "cross_entropy": 0.3118804395198822, "kl_nats": 1946.5438232421875, "free_tokens": 398.46875, "beta_used": 0.004041700134517728, "kl_ema": 1998.5658575332895, "beta_next": 0.004041671152752636}
{"kind": "train", "step": 21600, "cross_entropy": 0.2998173236846924, "kl_nats": 1825.1221923828125, "free_tokens": 426.0, "beta_used": 0.004037330123866187, "kl_ema": 2006.3811519691317, "beta_next": 0.004037458940006514}
{"kind": "train", "step": 21650, "cross_entropy": 0.29432106018066406, "kl_nats": 2011.1982421875, "free_tokens": 487.46875, "beta_used": 0.004032704642186862, "kl_ema": 1996.7393121358773, "beta_next": 0.0040326388957673785}
{"kind": "train", "step": 21700, "cross_entropy": 0.291074275970459, "kl_nats": 2019.55078125, "free_tokens": 502.5625, "beta_used": 0.00404170023592529, "kl_ema": 2004.4248283831814, "beta_next": 0.0040417896560640595}
{"kind": "train", "step": 21750, "cross_entropy": 0.3700343370437622, "kl_nats": 2033.5401611328125, "free_tokens": 489.6875, "beta_used": 0.004053271025578406, "kl_ema": 1990.767474566818, "beta_next": 0.004053083920257919}
{"kind": "train", "step": 21800, "cross_entropy": 0.2287161499261856, "kl_nats": 1769.4130859375, "free_tokens": 403.25, "beta_used": 0.004062239939750442, "kl_ema": 1965.967412291617, "beta_next": 0.00406154875587384}
{"kind": "train", "step": 21850, "cross_entropy": 0.29665407538414, "kl_nats": 2200.9267578125, "free_tokens": 503.8125, "beta_used": 0.004071701243977232, "kl_ema": 1995.9008383021514, "beta_next": 0.004071617792023519}
{"kind": "train", "step": 21900, "cross_entropy": 0.41372740268707275, "kl_nats": 2029.5498046875, "free_tokens": 479.78125, "beta_used": 0.004065690655354485, "kl_ema": 2011.894944030413, "beta_next": 0.004065932468359248}
{"kind": "train", "step": 21950, "cross_entropy": 0.2797335982322693, "kl_nats": 1774.121337890625, "free_tokens": 431.4375, "beta_used": 0.004087008414832254, "kl_ema": 1992.9170985064134, "beta_next": 0.0040868636780051325}
{"kind": "train", "step": 22000, "cross_entropy": 0.36919817328453064, "kl_nats": 1894.201904296875, "free_tokens": 453.90625, "beta_used": 0.004121206886213446, "kl_ema": 2000.764022775455, "beta_next": 0.0041212226297231355}
{"kind": "eval", "step": 22000, "train_cross_entropy": 0.36919817328453064, "train_kl_nats": 1894.201904296875, "kl_ema": 2000.764022775455, "beta": 0.0041212226297231355, "beta_at_floor": false, "held_out_kl_nats": 1858.456787109375, "held_out_kl_in_band": true, "eval_nll_per_free_token": 2.2690485367698394, "eval_free_token_accuracy": 0.6524485521460155, "eval_pixel_error_mean": 0.08214419028081466, "learning_rate": 5.1223293140244216e-05, "elapsed_seconds": 2529.2829047680134}
{"kind": "train", "step": 22050, "cross_entropy": 0.2963431179523468, "kl_nats": 1961.5478515625, "free_tokens": 497.03125, "beta_used": 0.004132532563833216, "kl_ema": 2001.922657653565, "beta_next": 0.004132572291250983}
{"kind": "train", "step": 22100, "cross_entropy": 0.2676292061805725, "kl_nats": 1991.658447265625, "free_tokens": 547.5, "beta_used": 0.004106447690895303, "kl_ema": 1958.160150916665, "beta_next": 0.004105588714988714}
{"kind": "train", "step": 22150, "cross_entropy": 0.2728751599788666, "kl_nats": 2011.0269775390625, "free_tokens": 477.34375, "beta_used": 0.0040694755438145285, "kl_ema": 1985.0068914056994, "beta_next": 0.004069170484805377}
{"kind": "train", "step": 22200, "cross_entropy": 0.2605789601802826, "kl_nats": 1967.36962890625, "free_tokens": 451.59375, "beta_used": 0.004064714388340621, "kl_ema": 1994.735559744917, "beta_next": 0.0040646073975184865}
{"kind": "train", "step": 22250, "cross_entropy": 0.30831629037857056, "kl_nats": 1710.226806640625, "free_tokens": 336.65625, "beta_used": 0.004056475969813339, "kl_ema": 1944.0912391704871, "beta_next": 0.004055342165570664}
{"kind": "train", "step": 22300, "cross_entropy": 0.2746787667274475, "kl_nats": 2066.9775390625, "free_tokens": 458.28125, "beta_used": 0.004045683706921585, "kl_ema": 2007.4755835096564, "beta_next": 0.004045834928979776}
{"kind": "train", "step": 22350, "cross_entropy": 0.3251006603240967, "kl_nats": 1840.8050537109375, "free_tokens": 440.3125, "beta_used": 0.004029404469339641, "kl_ema": 1970.1063069586041, "beta_next": 0.0040288022454457745}
{"kind": "train", "step": 22400, "cross_entropy": 0.42108413577079773, "kl_nats": 1971.880126953125, "free_tokens": 478.125, "beta_used": 0.0040222032460739176, "kl_ema": 1967.5418281031812, "beta_next": 0.00402155053221827}
{"kind": "train", "step": 22450, "cross_entropy": 0.33184561133384705, "kl_nats": 2190.73828125, "free_tokens": 521.59375, "beta_used": 0.004024456187273853, "kl_ema": 2033.1741797198454, "beta_next": 0.004025123782803814}
{"kind": "train", "step": 22500, "cross_entropy": 0.31757989525794983, "kl_nats": 1912.58251953125, "free_tokens": 441.4375, "beta_used": 0.004026340008160839, "kl_ema": 1990.6634425871016, "beta_next": 0.0040261520517747874}
{"kind": "train", "step": 22550, "cross_entropy": 0.2683632969856262, "kl_nats": 1994.9337158203125, "free_tokens": 429.9375, "beta_used": 0.004044050519895547, "kl_ema": 2020.697741032867, "beta_next": 0.004044469055103931}
{"kind": "train", "step": 22600, "cross_entropy": 0.3369705379009247, "kl_nats": 2033.8563232421875, "free_tokens": 488.59375, "beta_used": 0.004040164801873217, "kl_ema": 1982.4773092140324, "beta_next": 0.004039810844586414}
{"kind": "train", "step": 22650, "cross_entropy": 0.22850900888442993, "kl_nats": 2136.45068359375, "free_tokens": 504.8125, "beta_used": 0.004050971857624765, "kl_ema": 2011.2966110302627, "beta_next": 0.004051200675353717}
{"kind": "train", "step": 22700, "cross_entropy": 0.3418625295162201, "kl_nats": 2059.36572265625, "free_tokens": 533.71875, "beta_used": 0.004052412193545492, "kl_ema": 2008.7540720798465, "beta_next": 0.004052589572969643}
{"kind": "train", "step": 22750, "cross_entropy": 0.3314412236213684, "kl_nats": 1943.30419921875, "free_tokens": 459.8125, "beta_used": 0.0040323990094353135, "kl_ema": 1990.4828745268521, "beta_next": 0.004032207129764055}
{"kind": "train", "step": 22800, "cross_entropy": 0.432578444480896, "kl_nats": 1941.773193359375, "free_tokens": 419.8125, "beta_used": 0.004029929806968051, "kl_ema": 1984.1200995440054, "beta_next": 0.004029609845249725}
{"kind": "train", "step": 22850, "cross_entropy": 0.2771466374397278, "kl_nats": 1967.7738037109375, "free_tokens": 507.03125, "beta_used": 0.004043322721332244, "kl_ema": 1996.1929882608197, "beta_next": 0.004043245757179429}
{"kind": "train", "step": 22900, "cross_entropy": 0.2934706211090088, "kl_nats": 1900.517333984375, "free_tokens": 463.65625, "beta_used": 0.004015191516348696, "kl_ema": 1954.0871398687357, "beta_next": 0.004014269877507981}
{"kind": "train", "step": 22950, "cross_entropy": 0.3070041835308075, "kl_nats": 2031.8895263671875, "free_tokens": 461.1875, "beta_used": 0.004002231324813317, "kl_ema": 2005.909052203894, "beta_next": 0.004002349573529304}
{"kind": "train", "step": 23000, "cross_entropy": 0.27160248160362244, "kl_nats": 2145.7431640625, "free_tokens": 520.34375, "beta_used": 0.004009586876474826, "kl_ema": 2028.8587642845225, "beta_next": 0.004010165476830784}
{"kind": "train", "step": 23050, "cross_entropy": 0.24092888832092285, "kl_nats": 2037.265625, "free_tokens": 533.09375, "beta_used": 0.0040211600449116544, "kl_ema": 1981.4232071231736, "beta_next": 0.004020786560970864}
{"kind": "train", "step": 23100, "cross_entropy": 0.34185436367988586, "kl_nats": 2188.439453125, "free_tokens": 525.65625, "beta_used": 0.0040002806520745135, "kl_ema": 2045.5708413406878, "beta_next": 0.004001192236699334}
{"kind": "train", "step": 23150, "cross_entropy": 0.2839612066745758, "kl_nats": 2087.85693359375, "free_tokens": 471.96875, "beta_used": 0.004008511938449104, "kl_ema": 1981.0871183502516, "beta_next": 0.004008132893812035}
{"kind": "train", "step": 23200, "cross_entropy": 0.3037397265434265, "kl_nats": 1907.102783203125, "free_tokens": 424.4375, "beta_used": 0.004002842409876553, "kl_ema": 2000.372775369789, "beta_next": 0.004002849870688806}
{"kind": "train", "step": 23250, "cross_entropy": 0.25296932458877563, "kl_nats": 2069.07177734375, "free_tokens": 515.59375, "beta_used": 0.003985282537622677, "kl_ema": 1981.4553754541844, "beta_next": 0.003984913026912188}
{"kind": "train", "step": 23300, "cross_entropy": 0.2571941912174225, "kl_nats": 2011.1512451171875, "free_tokens": 551.5, "beta_used": 0.003985591326357298, "kl_ema": 2001.618631897953, "beta_next": 0.003985623582514091}
{"kind": "train", "step": 23350, "cross_entropy": 0.3140338361263275, "kl_nats": 1852.107421875, "free_tokens": 465.90625, "beta_used": 0.003990999537851645, "kl_ema": 2010.8262272206257, "beta_next": 0.0039912155810380955}
{"kind": "train", "step": 23400, "cross_entropy": 0.31166860461235046, "kl_nats": 1866.671142578125, "free_tokens": 439.46875, "beta_used": 0.003975492729245632, "kl_ema": 1971.1820521037234, "beta_next": 0.003974919942801281}
{"kind": "train", "step": 23450, "cross_entropy": 0.32250168919563293, "kl_nats": 2309.115234375, "free_tokens": 537.0, "beta_used": 0.003966239188302513, "kl_ema": 2021.1624960980275, "beta_next": 0.003966658888113594}
{"kind": "train", "step": 23500, "cross_entropy": 0.29056861996650696, "kl_nats": 1975.6331787109375, "free_tokens": 489.03125, "beta_used": 0.003966109225557536, "kl_ema": 1974.026714109312, "beta_next": 0.0039655941945569316}
{"kind": "train", "step": 23550, "cross_entropy": 0.3040996789932251, "kl_nats": 1977.268310546875, "free_tokens": 442.125, "beta_used": 0.003945259731987639, "kl_ema": 1992.4445927862416, "beta_next": 0.0039451106945835555}
{"kind": "train", "step": 23600, "cross_entropy": 0.17063583433628082, "kl_nats": 1885.127685546875, "free_tokens": 446.78125, "beta_used": 0.003971559351277171, "kl_ema": 2015.5420974934784, "beta_next": 0.003971867995082638}
{"kind": "train", "step": 23650, "cross_entropy": 0.23633679747581482, "kl_nats": 2135.537109375, "free_tokens": 507.15625, "beta_used": 0.003961825933076242, "kl_ema": 2023.7305542160664, "beta_next": 0.003962296042591087}
{"kind": "train", "step": 23700, "cross_entropy": 0.2850116193294525, "kl_nats": 1936.891845703125, "free_tokens": 440.75, "beta_used": 0.003958656181307117, "kl_ema": 1987.6006349729755, "beta_next": 0.003958410764799677}
{"kind": "train", "step": 23750, "cross_entropy": 0.23384326696395874, "kl_nats": 2095.258056640625, "free_tokens": 510.28125, "beta_used": 0.003968725901515178, "kl_ema": 1973.5617043924472, "beta_next": 0.003968201304446725}
{"kind": "train", "step": 23800, "cross_entropy": 0.3117409646511078, "kl_nats": 2095.825927734375, "free_tokens": 504.09375, "beta_used": 0.003989071587129083, "kl_ema": 2038.3599277189928, "beta_next": 0.0039898367629957075}
{"kind": "train", "step": 23850, "cross_entropy": 0.2841280698776245, "kl_nats": 1716.6461181640625, "free_tokens": 417.78125, "beta_used": 0.0040151444121924165, "kl_ema": 1953.0882870445046, "beta_next": 0.004014202736125129}
{"kind": "train", "step": 23900, "cross_entropy": 0.25580355525016785, "kl_nats": 1926.2315673828125, "free_tokens": 467.90625, "beta_used": 0.004013949947971857, "kl_ema": 2018.1584858319088, "beta_next": 0.004014314400782687}
{"kind": "train", "step": 23950, "cross_entropy": 0.37080878019332886, "kl_nats": 2025.20947265625, "free_tokens": 511.9375, "beta_used": 0.004025498538410992, "kl_ema": 1969.6261258920492, "beta_next": 0.004024887234902169}
{"kind": "train", "step": 24000, "cross_entropy": 0.40233561396598816, "kl_nats": 2139.8798828125, "free_tokens": 488.03125, "beta_used": 0.004036680644484386, "kl_ema": 2019.2767477896055, "beta_next": 0.0040370697336084725}
{"kind": "eval", "step": 24000, "train_cross_entropy": 0.40233561396598816, "train_kl_nats": 2139.8798828125, "kl_ema": 2019.2767477896055, "beta": 0.0040370697336084725, "beta_at_floor": false, "held_out_kl_nats": 1827.4560546875, "held_out_kl_in_band": true, "eval_nll_per_free_token": 2.232217400428871, "eval_free_token_accuracy": 0.6548754945310682, "eval_pixel_error_mean": 0.08564756507985294, "learning_rate": 2.9593254310355478e-05, "elapsed_seconds": 2773.585173796979}
{"kind": "train", "step": 24050, "cross_entropy": 0.3648836314678192, "kl_nats": 2052.45849609375, "free_tokens": 536.15625, "beta_used": 0.004031400686602542, "kl_ema": 2014.1990704448265, "beta_next": 0.0040316869074742984}
{"kind": "train", "step": 24100, "cross_entropy": 0.29158493876457214, "kl_nats": 1925.638671875, "free_tokens": 419.90625, "beta_used": 0.0040208856942001835, "kl_ema": 1965.385762458156, "beta_next": 0.004020189854954045}
{"kind": "train", "step": 24150, "cross_entropy": 0.2902212142944336, "kl_nats": 1999.2542724609375, "free_tokens": 483.71875, "beta_used": 0.003998529171708467, "kl_ema": 1978.8695488026815, "beta_next": 0.0039981067403966515}
{"kind": "train", "step": 24200, "cross_entropy": 0.25368115305900574, "kl_nats": 2125.61767578125, "free_tokens": 548.03125, "beta_used": 0.003968246743116141, "kl_ema": 2010.6097122493102, "beta_next": 0.0039684572584802544}
{"kind": "train", "step": 24250, "cross_entropy": 0.3548814356327057, "kl_nats": 2088.449951171875, "free_tokens": 422.84375, "beta_used": 0.0039503584335281025, "kl_ema": 2035.5740736040748, "beta_next": 0.00395106114773065}
{"kind": "train", "step": 24300, "cross_entropy": 0.45446309447288513, "kl_nats": 2007.855224609375, "free_tokens": 436.71875, "beta_used": 0.003954759441510731, "kl_ema": 1978.224639823141, "beta_next": 0.003954328883393793}
{"kind": "train", "step": 24350, "cross_entropy": 0.2801004648208618, "kl_nats": 2023.8935546875, "free_tokens": 495.96875, "beta_used": 0.00395873833942548, "kl_ema": 2023.219994466888, "beta_next": 0.0039591979755185195}
{"kind": "train", "step": 24400, "cross_entropy": 0.19974760711193085, "kl_nats": 2028.57421875, "free_tokens": 513.6875, "beta_used": 0.0039470699204933075, "kl_ema": 2006.1395094224501, "beta_next": 0.003947191087717906}
{"kind": "train", "step": 24450, "cross_entropy": 0.25634586811065674, "kl_nats": 1982.7115478515625, "free_tokens": 503.0, "beta_used": 0.003962778477993841, "kl_ema": 1987.7583197235492, "beta_next": 0.003962535930081232}
{"kind": "train", "step": 24500, "cross_entropy": 0.44016608595848083, "kl_nats": 2008.279296875, "free_tokens": 440.0, "beta_used": 0.00398685697026632, "kl_ema": 2035.6472903870417, "beta_next": 0.003987567636838537}
{"kind": "train", "step": 24550, "cross_entropy": 0.2945549488067627, "kl_nats": 2163.863525390625, "free_tokens": 561.59375, "beta_used": 0.003998224798765858, "kl_ema": 1996.9804956247922, "beta_next": 0.003998164435935159}
{"kind": "train", "step": 24600, "cross_entropy": 0.3293956518173218, "kl_nats": 2010.168701171875, "free_tokens": 529.15625, "beta_used": 0.0039833156128084675, "kl_ema": 1966.8123243583955, "beta_next": 0.003982654682714138}
{"kind": "train", "step": 24650, "cross_entropy": 0.3194567859172821, "kl_nats": 1936.4410400390625, "free_tokens": 486.875, "beta_used": 0.003981406966648324, "kl_ema": 2018.0293062395103, "beta_next": 0.0039817658928533875}
{"kind": "train", "step": 24700, "cross_entropy": 0.3372983932495117, "kl_nats": 2210.634033203125, "free_tokens": 455.78125, "beta_used": 0.0040039839958410685, "kl_ema": 2045.971787131987, "beta_next": 0.004004904453124364}
{"kind": "train", "step": 24750, "cross_entropy": 0.269715279340744, "kl_nats": 1973.364501953125, "free_tokens": 450.59375, "beta_used": 0.004028858154420311, "kl_ema": 2004.2605268250613, "beta_next": 0.004028943980625676}
{"kind": "train", "step": 24800, "cross_entropy": 0.3262912929058075, "kl_nats": 1855.20654296875, "free_tokens": 463.28125, "beta_used": 0.004018104360780245, "kl_ema": 2002.7548029029308, "beta_next": 0.004018159706589198}
{"kind": "train", "step": 24850, "cross_entropy": 0.25572675466537476, "kl_nats": 1841.56298828125, "free_tokens": 395.03125, "beta_used": 0.004003060261693783, "kl_ema": 1962.4578423324724, "beta_next": 0.0040023089146164785}
{"kind": "train", "step": 24900, "cross_entropy": 0.29252269864082336, "kl_nats": 2231.5498046875, "free_tokens": 488.0625, "beta_used": 0.003970007906729653, "kl_ema": 2024.0726808756779, "beta_next": 0.003970485779155316}
{"kind": "train", "step": 24950, "cross_entropy": 0.3061731159687042, "kl_nats": 1788.4560546875, "free_tokens": 420.90625, "beta_used": 0.0039772360583780475, "kl_ema": 2017.9323199344592, "beta_next": 0.003977592679712695}
{"kind": "train", "step": 25000, "cross_entropy": 0.3293741047382355, "kl_nats": 1903.8743896484375, "free_tokens": 452.6875, "beta_used": 0.003967662545510594, "kl_ema": 1976.442339611417, "beta_next": 0.003967195228799436}
{"kind": "train", "step": 25050, "cross_entropy": 0.2626398801803589, "kl_nats": 1795.25537109375, "free_tokens": 396.90625, "beta_used": 0.003965175476799165, "kl_ema": 1955.442230364908, "beta_next": 0.003964292178320055}
{"kind": "train", "step": 25100, "cross_entropy": 0.23363417387008667, "kl_nats": 2083.217529296875, "free_tokens": 545.15625, "beta_used": 0.0039453705530144555, "kl_ema": 2044.0961862695845, "beta_next": 0.003946240527891407}
{"kind": "train", "step": 25150, "cross_entropy": 0.35723915696144104, "kl_nats": 1941.157470703125, "free_tokens": 418.1875, "beta_used": 0.003966300884470182, "kl_ema": 2006.1716311341434, "beta_next": 0.0039664232790887375}
{"kind": "train", "step": 25200, "cross_entropy": 0.3311103284358978, "kl_nats": 2046.36083984375, "free_tokens": 498.90625, "beta_used": 0.0039511340587549265, "kl_ema": 1985.6832557931168, "beta_next": 0.003950851231999711}
{"kind": "train", "step": 25250, "cross_entropy": 0.29202568531036377, "kl_nats": 1917.0130615234375, "free_tokens": 425.34375, "beta_used": 0.00395791478717199, "kl_ema": 1970.328934870194, "beta_next": 0.003957327652988165}
{"kind": "train", "step": 25300, "cross_entropy": 0.36002403497695923, "kl_nats": 2145.521484375, "free_tokens": 551.15625, "beta_used": 0.00396080932799853, "kl_ema": 2052.0704786914025, "beta_next": 0.003961840668437253}
{"kind": "train", "step": 25350, "cross_entropy": 0.3481435775756836, "kl_nats": 2042.72802734375, "free_tokens": 450.84375, "beta_used": 0.0039946903088425, "kl_ema": 2041.3383865836527, "beta_next": 0.003995516064439415}
{"kind": "train", "step": 25400, "cross_entropy": 0.3467806279659271, "kl_nats": 2232.754150390625, "free_tokens": 524.5625, "beta_used": 0.004012025993318984, "kl_ema": 2023.1905698637315, "beta_next": 0.0040124912261364646}
{"kind": "train", "step": 25450, "cross_entropy": 0.44032564759254456, "kl_nats": 2045.9945068359375, "free_tokens": 450.375, "beta_used": 0.004011988511957418, "kl_ema": 1993.905345482518, "beta_next": 0.004011866255400664}
{"kind": "train", "step": 25500, "cross_entropy": 0.43131768703460693, "kl_nats": 1936.498291015625, "free_tokens": 443.09375, "beta_used": 0.004004231498576086, "kl_ema": 2007.1922568684322, "beta_next": 0.004004375498472774}
{"kind": "train", "step": 25550, "cross_entropy": 0.24251097440719604, "kl_nats": 1970.505615234375, "free_tokens": 502.65625, "beta_used": 0.0039898645737144805, "kl_ema": 1978.1392029236963, "beta_next": 0.003989428489448748}
{"kind": "train", "step": 25600, "cross_entropy": 0.42608770728111267, "kl_nats": 1807.01904296875, "free_tokens": 387.1875, "beta_used": 0.003993967843447921, "kl_ema": 1984.7994334537939, "beta_next": 0.003993664302113128}
{"kind": "train", "step": 25650, "cross_entropy": 0.2531556785106659, "kl_nats": 2128.96826171875, "free_tokens": 533.28125, "beta_used": 0.003984127217650174, "kl_ema": 2004.3894147068238, "beta_next": 0.003984214658542724}
{"kind": "train", "step": 25700, "cross_entropy": 0.35103216767311096, "kl_nats": 2050.94482421875, "free_tokens": 427.03125, "beta_used": 0.003975916036845621, "kl_ema": 2026.4371624112941, "beta_next": 0.003976441631272916}
{"kind": "train", "step": 25750, "cross_entropy": 0.32433468103408813, "kl_nats": 2007.0936279296875, "free_tokens": 457.5625, "beta_used": 0.003969525016363692, "kl_ema": 2032.5683384331637, "beta_next": 0.003970171473168084}
{"kind": "train", "step": 25800, "cross_entropy": 0.341091126203537, "kl_nats": 1954.295166015625, "free_tokens": 492.875, "beta_used": 0.003956588678760686, "kl_ema": 1988.4442748992187, "beta_next": 0.0039563600791092945}
{"kind": "train", "step": 25850, "cross_entropy": 0.27148404717445374, "kl_nats": 1933.0936279296875, "free_tokens": 421.0, "beta_used": 0.0039460429708274925, "kl_ema": 1973.0418018691394, "beta_next": 0.003945511115631739}
{"kind": "train", "step": 25900, "cross_entropy": 0.4298860430717468, "kl_nats": 2345.658447265625, "free_tokens": 552.09375, "beta_used": 0.0039320704667581054, "kl_ema": 2014.001439625351, "beta_next": 0.003932345749630098}
{"kind": "train", "step": 25950, "cross_entropy": 0.2720479369163513, "kl_nats": 1870.29150390625, "free_tokens": 442.71875, "beta_used": 0.003917022652955194, "kl_ema": 1973.3720142832346, "beta_next": 0.003916501175554419}
{"kind": "train", "step": 26000, "cross_entropy": 0.17595739662647247, "kl_nats": 1949.4425048828125, "free_tokens": 470.25, "beta_used": 0.00390512924446043, "kl_ema": 1992.191406038932, "beta_next": 0.0039049767795936116}
{"kind": "eval", "step": 26000, "train_cross_entropy": 0.17595739662647247, "train_kl_nats": 1949.4425048828125, "kl_ema": 1992.191406038932, "beta": 0.0039049767795936116, "beta_at_floor": false, "held_out_kl_nats": 1834.9697265625, "held_out_kl_in_band": true, "eval_nll_per_free_token": 2.2422146420675553, "eval_free_token_accuracy": 0.6555071644669038, "eval_pixel_error_mean": 0.083081563556334, "learning_rate": 1.3404784071763014e-05, "elapsed_seconds": 3013.787717376952}
{"kind": "train", "step": 26050, "cross_entropy": 0.3114604353904724, "kl_nats": 1847.2275390625, "free_tokens": 416.1875, "beta_used": 0.0038893640682763015, "kl_ema": 1944.2242187279974, "beta_next": 0.0038882795579090663}
{"kind": "train", "step": 26100, "cross_entropy": 0.2515115439891815, "kl_nats": 1948.33447265625, "free_tokens": 499.6875, "beta_used": 0.0038834242485076983, "kl_ema": 1995.6942003285812, "beta_next": 0.0038833406431734037}
{"kind": "train", "step": 26150, "cross_entropy": 0.31682607531547546, "kl_nats": 2111.619384765625, "free_tokens": 559.78125, "beta_used": 0.003892830910772428, "kl_ema": 2026.8389683733474, "beta_next": 0.0038933533436540293}
{"kind": "train", "step": 26200, "cross_entropy": 0.3030220568180084, "kl_nats": 1712.09130859375, "free_tokens": 375.28125, "beta_used": 0.003910796968172215, "kl_ema": 1978.975586254723, "beta_next": 0.003910385878712219}
{"kind": "train", "step": 26250, "cross_entropy": 0.28097641468048096, "kl_nats": 1877.637451171875, "free_tokens": 409.0625, "beta_used": 0.003892619576613928, "kl_ema": 1977.4638211375643, "beta_next": 0.0038921809774701537}
{"kind": "train", "step": 26300, "cross_entropy": 0.2795479893684387, "kl_nats": 1982.856689453125, "free_tokens": 433.8125, "beta_used": 0.0039023673512687844, "kl_ema": 2013.1249068293816, "beta_next": 0.0039026234507113945}
{"kind": "train", "step": 26350, "cross_entropy": 0.37699660658836365, "kl_nats": 2000.62939453125, "free_tokens": 489.125, "beta_used": 0.003910479368484782, "kl_ema": 1993.25281387418, "beta_next": 0.0039103474470493374}
{"kind": "train", "step": 26400, "cross_entropy": 0.21414439380168915, "kl_nats": 2026.981689453125, "free_tokens": 526.875, "beta_used": 0.003923297281021424, "kl_ema": 2011.1708183803444, "beta_next": 0.003923516419348145}
{"kind": "train", "step": 26450, "cross_entropy": 0.25034475326538086, "kl_nats": 2017.220458984375, "free_tokens": 464.125, "beta_used": 0.003918272830024059, "kl_ema": 2005.159822778054, "beta_next": 0.003918373919295055}
{"kind": "train", "step": 26500, "cross_entropy": 0.208401158452034, "kl_nats": 1924.171875, "free_tokens": 443.03125, "beta_used": 0.003928582526235134, "kl_ema": 2040.7625433532903, "beta_next": 0.0039293833029143115}
{"kind": "train", "step": 26550, "cross_entropy": 0.2690325975418091, "kl_nats": 1776.05224609375, "free_tokens": 384.34375, "beta_used": 0.003922867060026404, "kl_ema": 1963.667638992087, "beta_next": 0.00392215448964072}
{"kind": "train", "step": 26600, "cross_entropy": 0.2325686663389206, "kl_nats": 1999.34814453125, "free_tokens": 470.46875, "beta_used": 0.003907345700100591, "kl_ema": 1998.2037732001816, "beta_next": 0.003907310607862861}
{"kind": "train", "step": 26650, "cross_entropy": 0.3804479241371155, "kl_nats": 2098.39599609375, "free_tokens": 479.71875, "beta_used": 0.0038984154156449994, "kl_ema": 2017.358107961011, "beta_next": 0.003898753775906329}
{"kind": "train", "step": 26700, "cross_entropy": 0.4041050374507904, "kl_nats": 2036.3988037109375, "free_tokens": 489.28125, "beta_used": 0.0039038552460919167, "kl_ema": 2009.0284081084856, "beta_next": 0.0039040314780614117}
{"kind": "train", "step": 26750, "cross_entropy": 0.326015442609787, "kl_nats": 1992.6605224609375, "free_tokens": 437.75, "beta_used": 0.003913652948054944, "kl_ema": 2007.325655049476, "beta_next": 0.003913796301037718}
{"kind": "train", "step": 26800, "cross_entropy": 0.3166181445121765, "kl_nats": 1896.21728515625, "free_tokens": 488.96875, "beta_used": 0.0038821380723756643, "kl_ema": 1952.206054101168, "beta_next": 0.0038812104697295395}
{"kind": "train", "step": 26850, "cross_entropy": 0.3043520748615265, "kl_nats": 2008.6231689453125, "free_tokens": 485.09375, "beta_used": 0.0038858104222176406, "kl_ema": 1988.402607671584, "beta_next": 0.0038855851024106073}
{"kind": "train", "step": 26900, "cross_entropy": 0.3355379104614258, "kl_nats": 1956.4364013671875, "free_tokens": 476.90625, "beta_used": 0.0038733857443984275, "kl_ema": 1978.2928955055138, "beta_next": 0.00387296536726626}
{"kind": "train", "step": 26950, "cross_entropy": 0.2570387125015259, "kl_nats": 1901.967041015625, "free_tokens": 443.15625, "beta_used": 0.003855519863188698, "kl_ema": 1969.6214894354841, "beta_next": 0.003854934282907988}
{"kind": "train", "step": 27000, "cross_entropy": 0.2091457098722458, "kl_nats": 1807.0162353515625, "free_tokens": 465.21875, "beta_used": 0.003860469768383109, "kl_ema": 1968.7140182298792, "beta_next": 0.003859865922680117}
{"kind": "train", "step": 27050, "cross_entropy": 0.2869186997413635, "kl_nats": 1962.979736328125, "free_tokens": 382.78125, "beta_used": 0.0038514651324480912, "kl_ema": 1981.5819285960056, "beta_next": 0.0038511104659799253}
{"kind": "train", "step": 27100, "cross_entropy": 0.3572319447994232, "kl_nats": 1980.4268798828125, "free_tokens": 467.125, "beta_used": 0.0038548992843577727, "kl_ema": 2002.10597052017, "beta_next": 0.003854939876092739}
{"kind": "train", "step": 27150, "cross_entropy": 0.23958663642406464, "kl_nats": 1975.958740234375, "free_tokens": 414.25, "beta_used": 0.0038389078835755408, "kl_ema": 1995.003383189559, "beta_next": 0.0038388119770152427}
{"kind": "train", "step": 27200, "cross_entropy": 0.24442501366138458, "kl_nats": 1973.8236083984375, "free_tokens": 473.75, "beta_used": 0.0038444686507582548, "kl_ema": 1994.989934061301, "beta_next": 0.0038443723467572865}
{"kind": "train", "step": 27250, "cross_entropy": 0.41574347019195557, "kl_nats": 2115.744384765625, "free_tokens": 534.8125, "beta_used": 0.0038483470786661866, "kl_ema": 2031.627565100534, "beta_next": 0.003848955696026432}
{"kind": "train", "step": 27300, "cross_entropy": 0.4589308798313141, "kl_nats": 1877.94287109375, "free_tokens": 427.84375, "beta_used": 0.0038566410475279586, "kl_ema": 2006.366361231071, "beta_next": 0.003856763813332113}
{"kind": "train", "step": 27350, "cross_entropy": 0.3571576774120331, "kl_nats": 1940.88671875, "free_tokens": 405.09375, "beta_used": 0.0038413767781713395, "kl_ema": 2006.3818375252097, "beta_next": 0.0038414993553393564}
{"kind": "train", "step": 27400, "cross_entropy": 0.24542726576328278, "kl_nats": 1903.537841796875, "free_tokens": 441.90625, "beta_used": 0.0038380857836703653, "kl_ema": 2023.9651017834576, "beta_next": 0.003838545711807672}
{"kind": "train", "step": 27450, "cross_entropy": 0.37537628412246704, "kl_nats": 2107.20751953125, "free_tokens": 473.8125, "beta_used": 0.003833244933163956, "kl_ema": 1976.8357675817113, "beta_next": 0.0038328009879908353}
{"kind": "train", "step": 27500, "cross_entropy": 0.2634429931640625, "kl_nats": 2237.482666015625, "free_tokens": 535.5, "beta_used": 0.0038298912864624095, "kl_ema": 2001.6473181016372, "beta_next": 0.0038299228318385407}
{"kind": "train", "step": 27550, "cross_entropy": 0.24474278092384338, "kl_nats": 2166.2734375, "free_tokens": 518.6875, "beta_used": 0.0038218967687459996, "kl_ema": 2017.125634983091, "beta_next": 0.0038222240448028467}
{"kind": "train", "step": 27600, "cross_entropy": 0.32546693086624146, "kl_nats": 2014.98095703125, "free_tokens": 461.5625, "beta_used": 0.0038305987262536242, "kl_ema": 2017.1978098381146, "beta_next": 0.0038309281299582776}
{"kind": "train", "step": 27650, "cross_entropy": 0.2846863269805908, "kl_nats": 2070.5205078125, "free_tokens": 446.8125, "beta_used": 0.003828574406024686, "kl_ema": 2022.063564105988, "beta_next": 0.0038289967893066694}
{"kind": "train", "step": 27700, "cross_entropy": 0.24779532849788666, "kl_nats": 1961.4627685546875, "free_tokens": 493.84375, "beta_used": 0.00384634573893684, "kl_ema": 1985.98667717241, "beta_next": 0.0038460762479553784}
{"kind": "train", "step": 27750, "cross_entropy": 0.2015969455242157, "kl_nats": 1873.2861328125, "free_tokens": 515.0625, "beta_used": 0.0038442121497042157, "kl_ema": 1980.850821360231, "beta_next": 0.0038438440997982113}
{"kind": "train", "step": 27800, "cross_entropy": 0.22814995050430298, "kl_nats": 1960.911865234375, "free_tokens": 466.625, "beta_used": 0.003819562801104905, "kl_ema": 1972.8546116559214, "beta_next": 0.0038190444187072266}
{"kind": "train", "step": 27850, "cross_entropy": 0.29057928919792175, "kl_nats": 1897.13134765625, "free_tokens": 447.0, "beta_used": 0.0038354488608801, "kl_ema": 2004.7697654354497, "beta_next": 0.003835540332927876}
{"kind": "train", "step": 27900, "cross_entropy": 0.25824373960494995, "kl_nats": 1901.159423828125, "free_tokens": 374.75, "beta_used": 0.0038629212667014, "kl_ema": 1960.5322282170698, "beta_next": 0.003862159037437754}
{"kind": "train", "step": 27950, "cross_entropy": 0.2772509753704071, "kl_nats": 2189.269287109375, "free_tokens": 488.46875, "beta_used": 0.0038607266628289706, "kl_ema": 1999.5049425215007, "beta_next": 0.0038607171064327624}
{"kind": "train", "step": 28000, "cross_entropy": 0.32508936524391174, "kl_nats": 2047.057861328125, "free_tokens": 468.65625, "beta_used": 0.0038569197945236013, "kl_ema": 1994.3788784255357, "beta_next": 0.003856811394971587}
{"kind": "eval", "step": 28000, "train_cross_entropy": 0.32508936524391174, "train_kl_nats": 2047.057861328125, "kl_ema": 1994.3788784255357, "beta": 0.003856811394971587, "beta_at_floor": false, "held_out_kl_nats": 1844.9375, "held_out_kl_in_band": true, "eval_nll_per_free_token": 2.2319594858539182, "eval_free_token_accuracy": 0.6549087403171648, "eval_pixel_error_mean": 0.09010259037313517, "learning_rate": 3.3894915273199987e-06, "elapsed_seconds": 3234.3079293610062}
{"kind": "train", "step": 28050, "cross_entropy": 0.27594149112701416, "kl_nats": 1942.0889892578125, "free_tokens": 459.125, "beta_used": 0.0038535360090727155, "kl_ema": 1991.0798774243049, "beta_next": 0.00385336414283766}
{"kind": "train", "step": 28100, "cross_entropy": 0.3498494029045105, "kl_nats": 2029.9927978515625, "free_tokens": 537.1875, "beta_used": 0.0038580344987226784, "kl_ema": 1978.544243589183, "beta_next": 0.0038576206356802905}
{"kind": "train", "step": 28150, "cross_entropy": 0.34908443689346313, "kl_nats": 1972.867919921875, "free_tokens": 438.6875, "beta_used": 0.0038518746664128684, "kl_ema": 1975.5958803023073, "beta_next": 0.0038514046870349356}
{"kind": "train", "step": 28200, "cross_entropy": 0.2689950168132782, "kl_nats": 1953.8575439453125, "free_tokens": 474.96875, "beta_used": 0.0038210252525114155, "kl_ema": 1975.210887218396, "beta_next": 0.003820551682730828}
{"kind": "train", "step": 28250, "cross_entropy": 0.24961280822753906, "kl_nats": 1990.3883056640625, "free_tokens": 492.0, "beta_used": 0.003811456456991017, "kl_ema": 2020.4340222342864, "beta_next": 0.003811845893815016}
{"kind": "train", "step": 28300, "cross_entropy": 0.21551205217838287, "kl_nats": 2098.23486328125, "free_tokens": 477.625, "beta_used": 0.0038218347738526097, "kl_ema": 2006.6709067315094, "beta_next": 0.003821962251495175}
{"kind": "train", "step": 28350, "cross_entropy": 0.2848537266254425, "kl_nats": 1911.263427734375, "free_tokens": 428.84375, "beta_used": 0.0038115451982510084, "kl_ema": 1931.3566291123907, "beta_next": 0.0038102372361676707}
{"kind": "train", "step": 28400, "cross_entropy": 0.40915024280548096, "kl_nats": 1929.1728515625, "free_tokens": 409.0, "beta_used": 0.003803960163856175, "kl_ema": 2006.690589439559, "beta_next": 0.0038040874196632094}
{"kind": "train", "step": 28450, "cross_entropy": 0.4754515290260315, "kl_nats": 1975.428955078125, "free_tokens": 476.6875, "beta_used": 0.0038172746127322593, "kl_ema": 2017.8285941071595, "beta_next": 0.0038176149110979675}
{"kind": "train", "step": 28500, "cross_entropy": 0.2585797607898712, "kl_nats": 2087.372802734375, "free_tokens": 508.375, "beta_used": 0.003821322520082169, "kl_ema": 2024.0407694374821, "beta_next": 0.003821781885358609}
{"kind": "train", "step": 28550, "cross_entropy": 0.4453407824039459, "kl_nats": 2141.378173828125, "free_tokens": 481.28125, "beta_used": 0.00381963398372514, "kl_ema": 2000.8128944546097, "beta_next": 0.003819649508553112}
{"kind": "train", "step": 28600, "cross_entropy": 0.29529619216918945, "kl_nats": 1964.8131103515625, "free_tokens": 497.03125, "beta_used": 0.003819557598650938, "kl_ema": 2011.1716721074088, "beta_next": 0.003819770958835295}
{"kind": "train", "step": 28650, "cross_entropy": 0.2645323872566223, "kl_nats": 1976.1181640625, "free_tokens": 501.21875, "beta_used": 0.0038089731652058297, "kl_ema": 1969.7979318907876, "beta_next": 0.003808398014298982}
{"kind": "train", "step": 28700, "cross_entropy": 0.2977796494960785, "kl_nats": 2008.0921630859375, "free_tokens": 506.96875, "beta_used": 0.0038209013810141823, "kl_ema": 1996.8155644108688, "beta_next": 0.003820840544426807}
{"kind": "train", "step": 28750, "cross_entropy": 0.27537381649017334, "kl_nats": 2132.87255859375, "free_tokens": 468.78125, "beta_used": 0.0038222940626028708, "kl_ema": 2008.9252794662154, "beta_next": 0.0038224646416225604}
{"kind": "train", "step": 28800, "cross_entropy": 0.24574047327041626, "kl_nats": 1927.3883056640625, "free_tokens": 406.21875, "beta_used": 0.0038411217264185823, "kl_ema": 2003.5612526875489, "beta_next": 0.0038411901230528825}
{"kind": "train", "step": 28850, "cross_entropy": 0.282014936208725, "kl_nats": 2005.593994140625, "free_tokens": 518.28125, "beta_used": 0.003843291462605357, "kl_ema": 2003.3223187680483, "beta_next": 0.0038433553063324144}
{"kind": "train", "step": 28900, "cross_entropy": 0.3441382944583893, "kl_nats": 2111.3720703125, "free_tokens": 432.21875, "beta_used": 0.0038613829081002534, "kl_ema": 2052.832382448763, "beta_next": 0.003862403073131604}
{"kind": "train", "step": 28950, "cross_entropy": 0.2498536854982376, "kl_nats": 1784.482666015625, "free_tokens": 430.5, "beta_used": 0.0038665825415322252, "kl_ema": 1956.4857651744683, "beta_next": 0.003865741376138792}
{"kind": "train", "step": 29000, "cross_entropy": 0.3455065190792084, "kl_nats": 1936.3541259765625, "free_tokens": 419.46875, "beta_used": 0.0038571438438209245, "kl_ema": 1975.1712338601415, "beta_next": 0.0038566650329299196}
{"kind": "train", "step": 29050, "cross_entropy": 0.2790553867816925, "kl_nats": 1912.2265625, "free_tokens": 479.03125, "beta_used": 0.003882419733791189, "kl_ema": 1998.521779220021, "beta_next": 0.0038823910385296}
{"kind": "train", "step": 29100, "cross_entropy": 0.28228959441185, "kl_nats": 1987.6934814453125, "free_tokens": 477.25, "beta_used": 0.003896213736031784, "kl_ema": 2009.7966894374558, "beta_next": 0.0038964045906858744}
{"kind": "train", "step": 29150, "cross_entropy": 0.2605741024017334, "kl_nats": 2103.837890625, "free_tokens": 531.46875, "beta_used": 0.003914375053415382, "kl_ema": 1994.9860902347114, "beta_next": 0.003914276923028904}
{"kind": "train", "step": 29200, "cross_entropy": 0.251537561416626, "kl_nats": 1982.998046875, "free_tokens": 502.59375, "beta_used": 0.003932232250380739, "kl_ema": 2009.8232048737407, "beta_next": 0.003932425390738876}
{"kind": "train", "step": 29250, "cross_entropy": 0.3346462845802307, "kl_nats": 1999.7374267578125, "free_tokens": 528.5625, "beta_used": 0.0039364402226968725, "kl_ema": 1966.7450172027682, "beta_next": 0.003935785745850481}
{"kind": "train", "step": 29300, "cross_entropy": 0.41040679812431335, "kl_nats": 2142.087158203125, "free_tokens": 499.40625, "beta_used": 0.003928883976755455, "kl_ema": 2027.0340528864267, "beta_next": 0.003929415080935454}
{"kind": "train", "step": 29350, "cross_entropy": 0.20560644567012787, "kl_nats": 1906.861328125, "free_tokens": 451.53125, "beta_used": 0.00392748854995775, "kl_ema": 1967.1259841417505, "beta_next": 0.003926843041405976}
{"kind": "train", "step": 29400, "cross_entropy": 0.31463709473609924, "kl_nats": 2138.078125, "free_tokens": 496.65625, "beta_used": 0.003934562168834569, "kl_ema": 2018.4709340094425, "beta_next": 0.003934925560805668}
{"kind": "train", "step": 29450, "cross_entropy": 0.3114534318447113, "kl_nats": 1969.877197265625, "free_tokens": 463.59375, "beta_used": 0.003938949845111149, "kl_ema": 1987.5968093976162, "beta_next": 0.003938705574957039}
{"kind": "train", "step": 29500, "cross_entropy": 0.3412114381790161, "kl_nats": 2105.57275390625, "free_tokens": 525.46875, "beta_used": 0.003928335101299501, "kl_ema": 2021.9517871609737, "beta_next": 0.003928766294842944}
{"kind": "train", "step": 29550, "cross_entropy": 0.3739520013332367, "kl_nats": 2001.43505859375, "free_tokens": 506.78125, "beta_used": 0.003939640763235809, "kl_ema": 2029.638934559552, "beta_next": 0.003940224640272324}
{"kind": "train", "step": 29600, "cross_entropy": 0.28704455494880676, "kl_nats": 2030.28955078125, "free_tokens": 500.46875, "beta_used": 0.003960003247843923, "kl_ema": 1962.7472276406975, "beta_next": 0.0039592657110366115}
{"kind": "train", "step": 29650, "cross_entropy": 0.27107274532318115, "kl_nats": 2037.44091796875, "free_tokens": 484.875, "beta_used": 0.0039523303266906515, "kl_ema": 2011.919678254807, "beta_next": 0.00395256588623932}
{"kind": "train", "step": 29700, "cross_entropy": 0.3581339418888092, "kl_nats": 1973.5684814453125, "free_tokens": 429.84375, "beta_used": 0.003947172215634925, "kl_ema": 1985.2738060708277, "beta_next": 0.003946881592216902}
{"kind": "train", "step": 29750, "cross_entropy": 0.24931639432907104, "kl_nats": 2045.856689453125, "free_tokens": 419.28125, "beta_used": 0.0039541019107862466, "kl_ema": 2030.15555019166, "beta_next": 0.003954698146327812}
{"kind": "train", "step": 29800, "cross_entropy": 0.2885119318962097, "kl_nats": 1937.7357177734375, "free_tokens": 416.25, "beta_used": 0.003965606567195968, "kl_ema": 2007.015243945647, "beta_next": 0.003965745668122826}
{"kind": "train", "step": 29850, "cross_entropy": 0.3356558084487915, "kl_nats": 2054.802978515625, "free_tokens": 437.46875, "beta_used": 0.003982874391807199, "kl_ema": 2002.1019746176667, "beta_next": 0.003982916251531553}
{"kind": "train", "step": 29900, "cross_entropy": 0.27958130836486816, "kl_nats": 1981.1722412109375, "free_tokens": 474.53125, "beta_used": 0.003962680064304769, "kl_ema": 1976.229686640005, "beta_next": 0.003962209121557096}
{"kind": "train", "step": 29950, "cross_entropy": 0.40947338938713074, "kl_nats": 2097.277099609375, "free_tokens": 465.9375, "beta_used": 0.003965522270920114, "kl_ema": 1998.2047529983377, "beta_next": 0.003965486675620035}
{"kind": "train", "step": 30000, "cross_entropy": 0.2616342604160309, "kl_nats": 2127.50927734375, "free_tokens": 536.65625, "beta_used": 0.003952687878133416, "kl_ema": 2004.8488315713, "beta_next": 0.003952783708883954}
{"kind": "eval", "step": 30000, "train_cross_entropy": 0.2616342604160309, "train_kl_nats": 2127.50927734375, "kl_ema": 2004.8488315713, "beta": 0.003952783708883954, "beta_at_floor": false, "held_out_kl_nats": 1841.30712890625, "held_out_kl_in_band": true, "eval_nll_per_free_token": 2.236751034775092, "eval_free_token_accuracy": 0.6561720801888361, "eval_pixel_error_mean": 0.08595282342866994, "learning_rate": 0.0, "elapsed_seconds": 3417.466932529933}
{"completed": "vt-v1-74dfbd2-46380052-47646604", "result": {"icons": 339, "precision": "IEEE float32 greedy decoding (TF32 off: matmul and cuDNN); pixel metrics at 72 px", "reconstruction_pixel_error": [0.08294395070032294, 0.07797668519045288, 0.08796886633283608], "reconstruction_pixel_error_median": 0.07784006744623184, "posterior_sample_pixel_error": [0.08320341580100103, 0.07780608215427577, 0.08885095513545188], "parent_pixel_error": [0.07365292242874466, 0.0689261002689255, 0.07848598195775747], "nearest_training_icon_pixel_error": [0.0848698990662597, 0.079514402055019, 0.09023761259991783], "nearest_training_icon_pixel_error_without_mirrors": [0.08973124639576185, 0.0848205749792233, 0.09466393787711656], "prior_mean_decode_pixel_error": [0.1720480552069557, 0.16502587235832153, 0.17943855658129604], "latent_minus_prior_mean_error_reduction": [0.08910410450663278, 0.08233126861681025, 0.09633237097790655], "blank_pixel_error": 0.1720480552069557, "icons_vt_beats_nearest": 181, "icons_vt_beats_v9": 126, "exact_reconstruction_rate": 0.008849557522123894, "rendered_rate": 1.0, "held_out_kl_nats": [1943.6444939807452, 1901.2429758752692, 1987.527495320638], "held_out_kl_nats_per_dimension": 0.7498628448999789, "prior_samples": {"count": 64, "distinct": 64, "rendered": 64, "ink_coverage_median": 0.11882716049382716, "fragment_rate_ink_below_0.10": 0.328125, "near_blank_rate_ink_below_0.02": 0.0, "validation_fragment_rate_ink_below_0.10": 0.02064896755162242, "role": "N(0, I) prior-hole control, not a generator claim"}, "interpolation": {"pairs": [[286, 250], [54, 155], [124, 257], [154, 72], [309, 145], [206, 30], [16, 5], [85, 124]], "frames": 9}, "graph_decoder_agrees_with_greedy": {"render": true, "prior_latent": true}, "criteria": {"A1": {"claim": "reconstruction from mu is non-inferior to v9 (upper 95% bound of VT - v9 <= +0.015) and beats the nearest training render or its mirror (paired interval on the reduction above zero)", "vt_minus_v9": [0.00929102827157828, 0.005230370306805329, 0.013259211053082254], "reduction_vs_nearest_training_icon": [0.0019259483659367631, -0.0023715694309548595, 0.006140204829177564], "pass": false}, "A2": {"claim": "held-out KL within [1600, 2400] nats with beta above its floor (detects collapse only; the controller enforces the band)", "held_out_kl_nats": [1943.6444939807452, 1901.2429758752692, 1987.527495320638], "beta_at_floor": false, "pass": true}, "A3": {"claim": "decoding one posterior sample instead of mu costs at most 0.01 pixel error (paired mean)", "sample_minus_mu": [0.0002594651006780988, -0.0033790909957624377, 0.004079822878676789], "pass": true}}, "float32_flags": {"matmul_allow_tf32": false, "cudnn_allow_tf32": false, "float32_matmul_precision": "highest", "tf32_cublas_override_variable": "1"}, "selection": {"rule": "lowest 64-icon bf16 greedy pixel error among evaluations with held-out KL in [1600, 2400] nats; else lowest overall", "fallback_no_eval_in_band": false, "step": 12000, "eval_pixel_error_mean": 0.07934058863611426, "held_out_kl_nats": 1901.6226806640625, "beta": 0.004620710482965906}, "selected_step": 12000}}
EXIT=0
